고유번호,환승시작역,환승시작역 코드,환승시작 호선,하차 열차 행선지,하차위치(호차),하차위치(칸번호),환승종료역,환승종료역 코드,환승종료 호선,환승 열차 행선지,환승 승차위치(호차),승차위치(칸번호),소요시간
1,복정,1031,수인분당선,청량리행,6,3,복정,2821,8,암사행,4,2,00:30
2,복정,1031,수인분당선,신포행,3,2,복정,2821,8,암사행,4,2,00:40
3,복정,1031,수인분당선,청량리행,6,3,복정,2821,8,모란행,3,2,00:30
4,복정,1031,수인분당선,신포행,3,2,복정,2821,8,모란행,3,2,00:40
5,대곡,300,경의선,문산행,4,2,대곡,1953,3,대화행,3,4,05:19
6,대곡,300,경의선,문산행,4,2,대곡,1953,3,오금행,8,1,05:27
7,대곡,300,경의선,지평행,5,3,대곡,1953,3,대화행,3,4,05:11
8,대곡,300,경의선,지평행,5,3,대곡,1953,3,오금행,8,1,05:22
9,가좌,1265,경의선,서울역행,3,3,가좌,1265,경의선,문산행,5,1,01:59
10,문산,1284,경의선,지평행,6,2,문산,1284,경의선,임진강행,3,3,01:59
11,효창공원앞,1261,경의선,문산행,5,3,효창공원앞,2628,6,응암행,6,4,06:40
12,효창공원앞,1261,경의선,지평행,8,2,효창공원앞,2628,6,신내행,3,1,03:31
13,효창공원앞,1261,경의선,문산행,5,3,효창공원앞,2628,6,신내행,3,1,06:40
14,효창공원앞,1261,경의선,지평행,8,2,효창공원앞,2628,6,응암행,6,4,03:31
15,청구,2538,5,하남검단산행,6,4,청구,2635,6,신내행,6,2,02:37
16,청구,2538,5,하남검단산행,6,4,청구,2635,6,응암행,6,1,02:30
17,청구,2538,5,방화행,2,4,청구,2635,6,신내행,6,2,02:37
18,청구,2538,5,방화행,2,4,청구,2635,6,응암행,6,1,02:30
19,합정,2623,6,응암행,5,3,합정,238,2,홍대입구행(내선),2,2,02:29
20,합정,2623,6,신내행,6,2,합정,238,2,홍대입구행(내선),2,2,03:23
21,합정,2623,6,응암행,5,3,합정,238,2,당산행(외선),9,3,02:31
22,합정,2623,6,신내행,6,2,합정,238,2,당산행(외선),9,3,02:32
23,인천,1891,수인분당선,청량리행(수인분당선),2,3,인천,1812,1,인천행(1호선),4,1,03:50
24,주안,3218,인천2,검단오류행,2,3,주안,1809,1,인천행,1,4,03:45
25,주안,3218,인천2,운연행,1,1,주안,1809,1,인천행,1,4,03:51
26,주안,3218,인천2,검단오류행,2,3,주안,1809,1,소요산행,10,1,04:06
27,주안,3218,인천2,운연행,1,1,주안,1809,1,소요산행,10,1,04:11
28,인천시청,3221,인천2,검단오류행,2,2,인천시청,3124,인천1,송도달빛축제공원행,1,1,04:17
29,인천시청,3221,인천2,운연행,1,1,인천시청,3124,인천1,송도달빛축제공원행,1,1,04:00
30,인천시청,3221,인천2,검단오류행,2,2,인천시청,3124,인천1,계양행,8,2,04:14
31,인천시청,3221,인천2,운연행,1,1,인천시청,3124,인천1,계양행,8,2,04:06
32,석남,3763,7,장암행,1,4,석남,3213,인천2,검단오류행,2,3,05:45
33,석남,3763,7,장암행,2,4,석남,3213,인천2,운연행,1,1,05:26
34,기흥,4501,용인경전철,전대.에버랜드행,4,4,기흥,1865,수인분당선,신포행,1,3,07:00
35,기흥,4501,용인경전철,전대.에버랜드행,1,2,기흥,1865,수인분당선,청량리행,1,3,07:00
36,모란,2827,8,암사행,6,4,모란,1853,수인분당선,청량리행,1,1,03:43
37,모란,2827,8,암사행,6,4,모란,1853,수인분당선,신포행,6,4,02:23
38,온수,1821,1,소요산행,10,4,온수,2752,7,장암행,8,4,03:29
39,삼각지,2629,6,응암행,6,4,삼각지,428,4,당고개행,1,1,03:44
40,삼각지,2629,6,신내행,3,1,삼각지,428,4,당고개행,1,1,03:44
41,삼각지,2629,6,응암행,3,1,삼각지,428,4,오이도행,10,4,03:37
42,삼각지,2629,6,신내행,6,4,삼각지,428,4,오이도행,10,4,03:37
43,마곡나루,4206,공항철도,서울역행,2,1,마곡나루,4105,9,개화행,4,4,06:51
44,마곡나루,4206,공항철도,인천공항2터미널행,6,4,마곡나루,4105,9,개화행,4,4,06:56
45,마곡나루,4206,공항철도,서울역행,2,1,마곡나루,4105,9,중앙보훈병원행,1,3,05:48
46,마곡나루,4206,공항철도,인천공항2터미널행,6,4,마곡나루,4105,9,중앙보훈병원행,1,3,05:57
47,계양,4208,공항철도,인천공항2터미널행,2,1,계양,3110,인천1,계양행,7,1,02:38
48,계양,4208,공항철도,서울역행,5,4,계양,3110,인천1,계양행,7,1,03:29
49,계양,4208,공항철도,인천공항2터미널행,2,1,계양,3110,인천1,부평행,2,4,02:19
50,계양,4208,공항철도,서울역행,2,3,계양,3110,인천1,부평행,2,4,02:20
51,신길온천,1760,4,오이도행,4,4,신길온천,1835,수인분당선,신포행,4,4,00:00
52,신길온천,1760,4,오이도행,4,4,신길온천,1835,수인분당선,청량리행,7,1,01:42
53,신길온천,1760,4,당고개행,7,1,신길온천,1835,수인분당선,신포행,4,4,01:42
54,신길온천,1760,4,당고개행,7,1,신길온천,1835,수인분당선,청량리행,7,1,00:00
55,정왕,1761,4,오이도행,5,1,정왕,1836,수인분당선,신포행,5,1,00:00
56,정왕,1761,4,오이도행,5,1,정왕,1836,수인분당선,청량리행,6,4,02:12
57,정왕,1761,4,당고개행,6,4,정왕,1836,수인분당선,신포행,5,1,02:12
58,정왕,1761,4,당고개행,6,4,정왕,1836,수인분당선,청량리행,6,4,00:00
59,대림,233,2,구로디지털단지행(외선),4,2,대림,2746,7,석남행,1,1,05:18
60,대림,233,2,구로디지털단지행(외선),4,2,대림,2746,7,장암행,8,4,05:55
61,대림,233,2,신도림행(내선),7,4,대림,2746,7,석남행,1,1,05:21
62,대림,233,2,신도림행(내선),7,4,대림,2746,7,장암행,8,4,05:57
63,소사,4804,서해선,원시행,4,4,소사,1814,1,인천행,6,2,05:35
64,소사,4804,서해선,원시행,4,4,소사,1814,1,소요산행,3,4,05:08
65,이촌,1008,경의선,문산행,4,2,이촌,430,4,당고개행,4,2,03:42
66,이촌,1008,경의선,문산행,4,2,이촌,430,4,오이도행,7,2,03:22
67,이촌,1008,경의선,지평행,5,2,이촌,430,4,당고개행,4,2,03:25
68,이촌,1008,경의선,지평행,5,2,이촌,430,4,오이도행,7,2,02:12
69,신내,2649,6,응암행,2,1,신내,1311,경춘선,춘천행,4,4,03:45
70,신내,2649,6,응암행,2,1,신내,1311,경춘선,청량리행,4,3,02:34
71,용산,100C,경의선,문산행,8,4,용산,1003,1,소요산행,10,2,03:32
72,용산,100C,경의선,문산행,8,4,용산,1003,1,인천행,1,1,03:42
73,용산,100C,경의선,지평행,1,2,용산,1003,1,소요산행,10,2,03:48
74,용산,100C,경의선,지평행,1,2,용산,1003,1,인천행,1,1,03:52
75,노량진,4117,9,중앙보훈병원행,2,3,노량진,1004,1,인천행,3,1,03:40
76,노량진,4117,9,개화행,5,2,노량진,1004,1,인천행,3,1,03:35
77,노량진,4117,9,중앙보훈병원행,2,3,노량진,1004,1,소요산행,5,2,05:20
78,노량진,4117,9,개화행,5,2,노량진,1004,1,소요산행,5,2,05:13
79,수서,1030,수인분당선,청량리행,6,4,수서,339,3,오금행,5,2,02:20
80,수서,1030,수인분당선,신포행,3,1,수서,339,3,오금행,5,2,02:34
81,수서,1030,수인분당선,청량리행,6,4,수서,339,3,대화행,5,2,02:20
82,수서,1030,수인분당선,신포행,3,1,수서,339,3,대화행,5,2,02:34
83,검암,4209,공항철도,인천공항2터미널행,6,4,검암,3207,인천2,검단오류행,2,3,07:38
84,검암,4209,공항철도,서울역행,2,2,검암,3207,인천2,검단오류행,2,3,07:29
85,검암,4209,공항철도,인천공항2터미널행,6,4,검암,3207,인천2,운연행,1,1,08:29
86,검암,4209,공항철도,서울역행,2,2,검암,3207,인천2,운연행,1,1,07:19
87,인천공항1터미널,,자기부상철도,용유역행,1,1,인천공항1터미널,4213,공항철도,서울역행,4,1,05:16
88,인천공항1터미널,,자기부상철도,용유역행,1,1,인천공항1터미널,4213,공항철도,인천공항2터미널행,5,4,05:19
89,오이도,1762,4,당고개행,2,4,오이도,1800,수인분당선,신포행,9,1,01:43
90,오이도,1762,4,당고개행,2,4,오이도,1800,수인분당선,청량리행,2,4,00:00
91,원인재,3130,인천1,송도달빛축제공원행,7,3,원인재,1884,수인분당선,신포행,4,3,05:07
92,원인재,3130,인천1,송도달빛축제공원행,7,3,원인재,1884,수인분당선,청량리행,5,2,05:07
93,원인재,3130,인천1,계양행,7,3,원인재,1884,수인분당선,신포행,4,3,05:30
94,원인재,3130,인천1,계양행,7,3,원인재,1884,수인분당선,청량리행,5,2,05:30
95,가락시장,340,3,대화행,10,1,가락시장,2818,8,암사행,6,4,02:02
96,가락시장,340,3,오금행,1,4,가락시장,2818,8,암사행,6,4,02:02
97,가락시장,340,3,대화행,10,1,가락시장,2818,8,모란행,1,1,01:52
98,가락시장,340,3,오금행,1,4,가락시장,2818,8,모란행,1,1,01:52
99,이매,1860,수인분당선,신포행,1,1,이매,1502,경강선,판교행,4,4,02:04
100,이매,1860,수인분당선,신포행,1,1,이매,1502,경강선,여주행,1,1,02:05
101,이매,1860,수인분당선,청량리행,6,4,이매,1502,경강선,판교행,2,3,01:52
102,이매,1860,수인분당선,청량리행,6,4,이매,1502,경강선,여주행,3,2,02:28
103,부평,3120,인천1,계양행,1,1,부평,1806,1,소요산행,7,3,07:17
104,부평,3120,인천1,송도달빛축제공원행,1,4,부평,1806,1,소요산행,7,3,07:20
105,부평,3120,인천1,계양행,5,1,부평,1806,1,인천행,7,3,07:20
106,부평,3120,인천1,송도달빛축제공원행,1,4,부평,1806,1,인천행,7,3,07:22
107,신길,2526,5,방화행,7,3,신길,1032,1,소요산행,9,1,07:18
108,신길,2526,5,하남검단산행,2,1,신길,1032,1,소요산행,9,1,07:05
109,까치산,200,2,신정네거리행(내선),6,4,까치산,2519,5,방화행,1,1,02:04
110,까치산,200,2,신정네거리행(내선),6,4,까치산,2519,5,마천행,7,4,00:23
111,옥수,1011,경의선,문산행,2,4,옥수,325,3,대화행,7,4,05:14
112,옥수,1011,경의선,문산행,2,4,옥수,325,3,오금행,4,1,05:20
113,옥수,1011,경의선,지평행,7,1,옥수,325,3,대화행,7,4,04:15
114,옥수,1011,경의선,지평행,7,1,옥수,325,3,오금행,4,1,05:01
115,약수,323,3,대화행,7,1,약수,2634,6,신내행,1,1,04:10
116,약수,323,3,대화행,7,1,약수,2634,6,응암행,8,4,04:18
117,약수,323,3,오금행,4,3,약수,2634,6,신내행,1,1,04:10
118,약수,323,3,오금행,4,3,약수,2634,6,응암행,8,4,04:18
119,충무로,423,4,오이도행,7,1,충무로,321,3,대화행,4,2,01:46
120,충무로,423,4,당고개행,5,1,충무로,321,3,대화행,4,4,00:38
121,충무로,423,4,오이도행,7,1,충무로,321,3,오금행,8,4,00:49
122,충무로,423,4,당고개행,5,1,충무로,321,3,오금행,8,2,01:41
123,불광,2613,6,응암행,2,2,불광,312,3,대화행,1,2,03:39
124,불광,2613,6,응암행,7,2,불광,312,3,오금행,10,3,03:48
125,불광,2613,6,신내행,2,2,불광,312,3,대화행,1,2,03:42
126,불광,2613,6,신내행,7,2,불광,312,3,오금행,10,3,03:48
127,연신내,2615,6,응암행,6,2,연신내,311,3,대화행,5,1,05:43
128,연신내,2615,6,신내행,6,2,연신내,311,3,오금행,6,4,05:47
129,초지,1833,수인분당선,신포행,6,4,초지,4813,서해선,소사행,4,4,07:39
130,초지,1833,수인분당선,청량리행,1,1,초지,4813,서해선,소사행,4,4,07:20
131,초지,1758,4,오이도행,10,4,초지,4813,서해선,소사행,4,4,07:18
132,초지,1758,4,당고개행,1,1,초지,4813,서해선,소사행,4,4,07:20
133,초지,1833,수인분당선,신포행,6,4,초지,4813,서해선,원시행,1,4,08:45
134,초지,1833,수인분당선,청량리행,1,1,초지,4813,서해선,원시행,1,4,07:39
135,초지,1758,4,오이도행,10,4,초지,4813,서해선,원시행,1,4,07:31
136,초지,1758,4,당고개행,1,1,초지,4813,서해선,원시행,1,4,07:39
137,초지,1758,4,오이도행, ,,초지,1833,수인분당선,신포행, ,,00:00
138,초지,1758,4,당고개행,1,1,초지,1833,수인분당선,신포행,6,4,03:50
139,초지,1758,4,오이도행,10,4,초지,1833,수인분당선,청량리행,1,1,02:31
140,초지,1758,4,당고개행, ,,초지,1833,수인분당선,청량리행, ,,00:00
141,여의도,4115,9,중앙보훈병원행,4,3,여의도,2527,5,하남검단산행,6,1,01:59
142,여의도,4115,9,개화행,3,4,여의도,2527,5,하남검단산행,3,4,02:01
143,여의도,4115,9,중앙보훈병원행,4,3,여의도,2527,5,방화행,3,4,01:56
144,여의도,4115,9,개화행,3,4,여의도,2527,5,방화행,6,1,01:58
145,금정,1458,4,오이도행,4,2,금정,1708,1,인천행,7,3,01:54
146,금정,1458,4,오이도행,4,2,금정,1708,1,신창행,4,2,00:03
147,금정,1458,4,당고개행,7,3,금정,1708,1,인천행,7,3,00:03
148,금정,1458,4,당고개행,7,3,금정,1708,1,신창행,4,2,01:53
149,고잔,1757,4,오이도행,5,1,고잔,1832,수인분당선,신포행,5,1,00:00
150,고잔,1757,4,오이도행,5,1,고잔,1832,수인분당선,청량리행,6,4,01:54
151,고잔,1757,4,당고개행,6,4,고잔,1832,수인분당선,신포행,5,1,01:54
152,고잔,1757,4,당고개행,6,4,고잔,1832,수인분당선,청량리행,6,4,00:00
153,안산,1759,4,오이도행,4,3,안산,1834,수인분당선,신포행,4,3,00:00
154,안산,1759,4,오이도행,4,3,안산,1834,수인분당선,청량리행,7,2,01:41
155,안산,1759,4,당고개행,7,2,안산,1834,수인분당선,신포행,4,3,01:41
156,안산,1759,4,당고개행,7,2,안산,1834,수인분당선,청량리행,7,2,00:00
157,충정로,2532,5,하남검단산행,5,3,충정로,243,2,시청행(내선),9,1,07:14
158,충정로,2532,5,방화행,4,1,충정로,243,2,시청행(내선),9,1,07:14
159,충정로,2532,5,하남검단산행,5,3,충정로,243,2,아현행(외선),2,4,07:14
160,충정로,2532,5,방화행,4,1,충정로,243,2,아현행(외선),2,4,07:14
161,신당,2636,6,신내행,8,4,신당,206,2,상왕십리행(내선),10,4,07:07
162,신당,2636,6,응암행,1,1,신당,206,2,상왕십리행(내선),10,4,07:07
163,신당,2636,6,신내행,8,4,신당,206,2,동대문역사문화공원행(외선),1,1,07:01
164,신당,2636,6,응암행,1,1,신당,206,2,동대문역사문화공원행(외선),1,1,07:01
165,을지로4가,2536,5,마천행,1,1,을지로4가,204,2,동대문역사문화공원행(내선),4,3,03:37
166,을지로4가,2536,5,방화행,8,4,을지로4가,204,2,동대문역사문화공원행(내선),4,3,03:37
167,을지로4가,2536,5,마천행,1,1,을지로4가,204,2,을지로3가행(외선),4,2,04:18
168,을지로4가,2536,5,방화행,8,4,을지로4가,204,2,을지로3가행(외선),4,2,04:18
169,수원,1713,1,인천행,8,2,수원,1846,수인분당선,신포행,4,2,04:12
170,수원,1713,1,인천행,8,2,수원,1846,수인분당선,청량리행,4,2,04:02
171,수원,1713,1,신창행,1,3,수원,1846,수인분당선,신포행,4,2,05:38
172,수원,1713,1,신창행,6,4,수원,1846,수인분당선,청량리행,4,2,05:09
173,동작,4120,9,개화행,6,4,동작,431,4,오이도행,2,4,08:20
174,동작,4120,9,중앙보훈병원행,6,4,동작,431,4,오이도행,2,4,08:20
175,동작,4120,9,개화행,6,4,동작,431,4,당고개행,8,4,08:30
176,동작,4120,9,중앙보훈병원행,6,4,동작,431,4,당고개행,8,4,08:30
177,구로,1701,1,신창행,1,1,구로,1701,1,인천행,1,1,02:05
178,구로,1701,1,신창행,1,1,구로,1701,1,소요산행,10,4,02:10
179,온수,1821,1,인천행,1,1,온수,2752,7,석남행,1,1,03:49
180,온수,1821,1,인천행,1,1,온수,2752,7,장암행,8,4,03:45
181,온수,1821,1,소요산행,10,4,온수,2752,7,석남행,1,1,03:32
182,고속터미널,4123,9,개화행,5,1,고속터미널,329,3,대화행,2,3,05:30
183,고속터미널,2736,7,장암행,2,3,고속터미널,329,3,대화행,7,2,04:06
184,고속터미널,2736,7,석남행,7,1,고속터미널,329,3,대화행,7,2,04:19
185,고속터미널,4123,9,중앙보훈병원행,1,2,고속터미널,329,3,오금행,9,2,05:03
186,고속터미널,4123,9,개화행,5,1,고속터미널,329,3,오금행,9,2,05:01
187,고속터미널,2736,7,장암행,2,3,고속터미널,329,3,오금행,9,2,06:48
188,고속터미널,2736,7,석남행,7,1,고속터미널,329,3,오금행,2,3,04:17
189,고속터미널,2736,7,장암행,2,3,고속터미널,4123,9,중앙보훈병원행,5,2,09:17
190,고속터미널,2736,7,석남행,7,1,고속터미널,4123,9,중앙보훈병원행,1,2,08:53
191,고속터미널,2736,7,장암행,2,3,고속터미널,4123,9,개화행,5,1,09:13
192,고속터미널,2736,7,석남행,7,1,고속터미널,4123,9,개화행,5,1,09:04
193,선정릉,4127,9,중앙보훈병원행,2,1,선정릉,1850,수인분당선,청량리행,6,4,02:26
194,선정릉,4127,9,중앙보훈병원행,2,1,선정릉,1850,수인분당선,신포행,2,4,02:39
195,선정릉,4127,9,개화행,5,3,선정릉,1850,수인분당선,청량리행,6,4,02:39
196,선정릉,4127,9,개화행,5,3,선정릉,1850,수인분당선,신포행,2,4,02:26
197,강남구청,2732,7,석남행,5,1,강남구청,1849,수인분당선,청량리행,3,1,03:34
198,강남구청,2732,7,장암행,5,1,강남구청,1849,수인분당선,청량리행,3,1,03:32
199,강남구청,2732,7,석남행,5,1,강남구청,1849,수인분당선,신포행,4,4,03:36
200,강남구청,2732,7,장암행,5,1,강남구청,1849,수인분당선,신포행,4,4,03:40
201,군자,2545,5,하남검단산행,1,1,군자,2727,7,장암행,4,3,02:34
202,군자,2545,5,하남검단산행,8,4,군자,2727,7,석남행,4,4,03:25
203,군자,2545,5,방화행,8,4,군자,2727,7,장암행,4,3,02:34
204,군자,2545,5,방화행,1,1,군자,2727,7,석남행,4,4,03:25
205,정자,4312,신분당선,광교행,5,1,정자,1857,수인분당선,청량리행,1,4,04:08
206,정자,4312,신분당선,강남행,5,4,정자,1857,수인분당선,청량리행,1,2,03:56
207,정자,4312,신분당선,광교행,2,1,정자,1857,수인분당선,신포행,7,3,02:35
208,정자,4312,신분당선,강남행,5,4,정자,1857,수인분당선,신포행,7,3,02:20
209,미금,4313,신분당선,강남행,4,1,미금,1858,수인분당선,청량리행,4,1,03:52
210,미금,4313,신분당선,광교행,3,4,미금,1858,수인분당선,청량리행,3,1,05:43
211,미금,4313,신분당선,강남행,4,1,미금,1858,수인분당선,신포행,5,1,05:21
212,미금,4313,신분당선,광교행,4,1,미금,1858,수인분당선,신포행,4,1,03:42
213,선릉,220,2,삼성행(내선),5,3,선릉,1023,수인분당선,청량리행,6,7,02:06
214,선릉,220,2,삼성행(내선),5,3,선릉,1023,수인분당선,신포행,1,1,02:08
215,선릉,220,2,역삼행(내선),6,2,선릉,1023,수인분당선,청량리행,5,1,02:10
216,선릉,220,2,역삼행(내선),6,2,선릉,1023,수인분당선,신포행,2,4,02:02
217,도곡,1025,수인분당선,청량리행,1,2,도곡,334,3,대화행,6,2,02:17
218,도곡,1025,수인분당선,신포행,6,2,도곡,334,3,대화행,6,3,01:53
219,도곡,1025,수인분당선,청량리행,6,4,도곡,334,3,오금행,5,4,01:52
220,도곡,1025,수인분당선,신포행,4,3,도곡,334,3,오금행,5,4,01:52
221,판교,1501,경강선,여주행,2,2,판교,4311,신분당선,광교행,3,2,02:01
222,판교,1501,경강선,여주행,3,2,판교,4311,신분당선,강남행,4,4,00:58
223,부평구청,3118,인천1,계양행,8,4,부평구청,2761,7,장암행,4,3,02:16
224,부평구청,3118,인천1,송도달빛축제공원행,1,1,부평구청,2761,7,장암행,6,3,01:58
225,부평구청,3118,인천1,계양행,8,4,부평구청,2761,7,석남행,7,1,02:17
226,부평구청,3118,인천1,송도달빛축제공원행,1,1,부평구청,2761,7,석남행,2,2,02:23
227,가산디지털단지,2748,7,석남행,5,1,가산디지털단지,1702,1,소요산행,10,3,03:44
228,가산디지털단지,2748,7,장암행,4,3,가산디지털단지,1702,1,신창행,1,2,05:23
229,가산디지털단지,2748,7,장암행,4,3,가산디지털단지,1702,1,소요산행,10,3,04:13
230,가산디지털단지,2748,7,석남행,5,1,가산디지털단지,1702,1,신창행,1,2,04:02
231,한대앞,1755,4,오이도행,5,2,한대앞,1830,수인분당선,신포행,5,2,00:00
232,한대앞,1755,4,오이도행,5,2,한대앞,1830,수인분당선,청량리행,6,2,00:57
233,한대앞,1755,4,당고개행,6,2,한대앞,1830,수인분당선,신포행,5,2,00:57
234,한대앞,1755,4,당고개행,6,2,한대앞,1830,수인분당선,청량리행,6,2,00:00
235,중앙,1756,4,오이도행,4,4,중앙,1831,수인분당선,신포행,4,4,00:00
236,중앙,1756,4,오이도행,4,4,중앙,1831,수인분당선,청량리행,7,1,01:40
237,중앙,1756,4,당고개행,7,1,중앙,1831,수인분당선,신포행,4,4,01:40
238,중앙,1756,4,당고개행,7,1,중앙,1831,수인분당선,청량리행,7,1,00:00
239,금천구청,1703,1,신창행,7,1,금천구청,1703,1,광명행,7,1,00:00
240,금천구청,1703,1,광명행,7,1,금천구청,1703,1,소요산행,4,4,00:57
241,당산,4113,9,중앙보훈병원행,6,4,당산,237,2,합정행(내선),8,1,05:22
242,당산,4113,9,개화행,1,1,당산,237,2,합정행(내선),8,1,05:16
243,당산,4113,9,중앙보훈병원행,6,4,당산,237,2,영등포구청행(외선),3,4,05:46
244,당산,4113,9,개화행,1,1,당산,237,2,영등포구청행(외선),3,4,05:46
245,영등포구청,236,2,당산행(내선),7,4,영등포구청,2524,5,방화행,7,2,05:21
246,영등포구청,236,2,문래행(외선),2,3,영등포구청,2524,5,방화행,7,2,03:50
247,영등포구청,236,2,당산행(내선),7,4,영등포구청,2524,5,하남검단산행,2,3,05:49
248,영등포구청,236,2,문래행(외선),2,3,영등포구청,2524,5,하남검단산행,2,3,04:07
249,신길,2526,5,방화행,7,3,신길,1032,1,인천행,2,4,07:07
250,신길,2526,5,하남검단산행,2,1,신길,1032,1,인천행,2,4,06:50
251,서울역,426,4,오이도행,10,4,서울역,150,1,인천행,1,2,03:40
252,서울역,1251,경의선,문산행,4,4,서울역,150,1,인천행,7,3,05:26
253,서울역,4201,공항철도,인천공항2터미널행,2,4,서울역,150,1,소요산행,10,4,15:56
254,서울역,426,4,당고개행,1,1,서울역,150,1,소요산행,10,4,03:40
255,서울역,426,4,오이도행,10,4,서울역,150,1,소요산행,10,4,03:40
256,서울역,1251,경의선,문산행,4,4,서울역,150,1,소요산행,4,3,05:26
257,서울역,1251,경의선,문산행,4,4,서울역,426,4,당고개행,1,1,10:32
258,서울역,4201,공항철도,인천공항2터미널행,2,4,서울역,426,4,당고개행,3,3,15:21
259,서울역,1251,경의선,문산행,4,4,서울역,426,4,오이도행,10,4,10:32
260,서울역,4201,공항철도,인천공항2터미널행,2,4,서울역,426,4,오이도행,8,1,15:21
261,서울역,1251,경의선,문산행,4,4,서울역,4201,공항철도,서울역행(공항철도),2,3,01:28
262,동대문,155,1,소요산행,9,3,동대문,421,4,당고개행,3,4,05:25
263,동대문,155,1,인천행,1,3,동대문,421,4,당고개행,4,1,05:09
264,동대문,155,1,소요산행,9,3,동대문,421,4,오이도행,3,3,05:28
265,동대문,155,1,인천행,1,3,동대문,421,4,오이도행,3,3,04:13
266,보문,4712,우이신설선,북한산우이행,2,2,보문,2639,6,신내행,5,4,03:28
267,보문,4712,우이신설선,신설동행,1,1,보문,2639,6,신내행,5,4,03:30
268,보문,4712,우이신설선,북한산우이행,2,2,보문,2639,6,응암행,5,4,03:28
269,보문,4712,우이신설선,신설동행,1,1,보문,2639,6,응암행,5,4,03:30
270,성신여대입구,4711,우이신설선,북한산우이행,1,2,성신여대입구,418,4,당고개행,5,4,02:19
271,성신여대입구,4711,우이신설선,신설동행,2,1,성신여대입구,418,4,당고개행,5,4,02:21
272,성신여대입구,4711,우이신설선,북한산우이행,1,2,성신여대입구,418,4,오이도행,5,2,05:15
273,성신여대입구,4711,우이신설선,신설동행,2,1,성신여대입구,418,4,오이도행,5,2,02:17
274,종합운동장,4130,9,중앙보훈병원행,5,4,종합운동장,218,2,잠실새내행(내선),2,1,07:01
275,종합운동장,4130,9,중앙보훈병원행,5,4,종합운동장,218,2,삼성행(외선),9,3,06:52
276,종합운동장,4130,9,개화행,1,4,종합운동장,218,2,잠실새내행(내선),2,1,07:06
277,종합운동장,4130,9,개화행,1,4,종합운동장,218,2,삼성행(외선),9,3,06:58
278,잠실,216,2,잠실새내행(내선),10,3,잠실,2815,8,암사행,6,4,04:01
279,잠실,216,2,잠실새내행(내선),10,3,잠실,2815,8,모란행,1,1,03:58
280,잠실,216,2,잠실나루행(외선),1,1,잠실,2815,8,암사행,6,4,04:01
281,잠실,216,2,잠실나루행(외선),1,1,잠실,2815,8,모란행,1,1,04:11
282,석촌,4133,9,중앙보훈병원행,1,1,석촌,2816,8,암사행,6,4,02:16
283,석촌,4133,9,중앙보훈병원행,4,2,석촌,2816,8,모란행,1,1,02:16
284,석촌,4133,9,개화행 ,6,4,석촌,2816,8,암사행,6,4,02:20
285,석촌,4133,9,개화행 ,3,3,석촌,2816,8,모란행,1,1,02:10
286,오금,342,3,대화행,2,2,오금,2558,5,방화행,8,1,01:53
287,오금,342,3,대화행,2,2,오금,2558,5,마천행,1,4,02:10
288,올림픽공원,2556,5,마천행,4,4,올림픽공원,4136,9,중앙보훈병원행,5,3,00:59
289,올림픽공원,2556,5,방화행,6,1,올림픽공원,4136,9,중앙보훈병원행,5,3,03:52
290,올림픽공원,2556,5,마천행,3,4,올림픽공원,4136,9,개화행,1,1,03:38
291,올림픽공원,2556,5,방화행,6,1,올림픽공원,4136,9,개화행,4,2,04:15
292,강동,2549,5,마천행,8,4,강동,2549,5,방화행,1,1,01:40
293,천호,2548,5,하남검단산행,8,1,천호,2812,8,암사행,2,2,00:39
294,천호,2548,5,하남검단산행,8,2,천호,2812,8,모란행,5,2,00:39
295,천호,2548,5,방화행,1,3,천호,2812,8,암사행,1,4,00:43
296,천호,2548,5,방화행,1,2,천호,2812,8,모란행,6,1,00:43
297,강남,4307,신분당선,광교행,6,4,강남,222,2,역삼행(외선),5,2,05:05
298,강남,4307,신분당선,광교행,6,4,강남,222,2,교대행(내선),6,3,05:52
299,사당,226,2,방배행(내선),5,3,사당,433,4,오이도행,1,1,01:51
300,사당,226,2,낙성대행(외선),6,3,사당,433,4,오이도행,7,3,03:22
301,사당,226,2,방배행(내선),5,3,사당,433,4,당고개행,10,4,01:55
302,사당,226,2,낙성대행(외선),6,3,사당,433,4,당고개행,4,2,03:24
303,이수,2738,7,석남행,8,4,총신대입구,432,4,오이도행,1,1,03:48
304,이수,2738,7,장암행,2,2,총신대입구,432,4,오이도행,1,1,05:24
305,이수,2738,7,석남행,8,4,총신대입구,432,4,당고개행,10,3,03:44
306,이수,2738,7,장암행,2,2,총신대입구,432,4,당고개행,10,3,05:17
307,건대입구,2729,7,장암행,8,4,건대입구,212,2,구의행(내선),3,2,05:35
308,건대입구,2729,7,석남행,1,1,건대입구,212,2,구의행(내선),3,2,03:49
309,건대입구,2729,7,장암행,8,4,건대입구,212,2,성수행(외선),7,3,05:25
310,건대입구,2729,7,석남행,1,1,건대입구,212,2,성수행(외선),8,3,03:44
311,성수,211,2,신설동행,1,1,성수,211,2,건대입구행(내선),10,4,03:32
312,성수,211,2,신설동행, 모든 문,,성수,211,2,뚝섬행(외선),4,1 이후 모든 문,00:05
313,양재,332,3,오금행,6,1,양재,4308,신분당선,광교행,6,4,03:20
314,양재,332,3,대화행,5,4,양재,4308,신분당선,광교행,4,3,03:46
315,양재,332,3,오금행,6,1,양재,4308,신분당선,강남행,3,3,03:46
316,양재,332,3,대화행,5,4,양재,4308,신분당선,강남행,3,3,04:16
317,교대,330,3,오금행,2,1,교대,223,2,강남행(외선),10,4,02:38
318,교대,330,3,대화행,9,4,교대,223,2,강남행(외선),10,4,02:38
319,교대,330,3,오금행,8,2,교대,223,2,서초행(내선),1,1,00:57
320,교대,330,3,대화행,3,3,교대,223,2,서초행(내선),1,1,00:59
321,고속터미널,4123,9,중앙보훈병원행,1,2,고속터미널,329,3,대화행,4,3,03:21
322,김포공항,4207,공항철도,서울역행,4,1,김포공항,2513,5,방화행,7,3,03:59
323,김포공항,4207,공항철도,인천공항2터미널행,4,1,김포공항,2513,5,하남검단산행,1,4,05:35
324,김포공항,4207,공항철도,서울역행,6,4,김포공항,2513,5,하남검단산행,1,4,03:56
325,김포공항,4102,9,개화행,2,4,김포공항,2513,5,방화행,7,3,05:28
326,김포공항,4102,9,중앙보훈병원행,5,1,김포공항,2513,5,방화행,7,3,03:33
327,김포공항,4102,9,개화행,2,4,김포공항,2513,5,하남검단산행,1,4,05:35
328,김포공항,4102,9,중앙보훈병원행,6,4,김포공항,2513,5,하남검단산행,1,4,03:56
329,김포공항,4929,김포도시철도,양촌행,1,1,김포공항,2513,5,방화행,7,3,05:08
330,김포공항,4929,김포도시철도,양촌행,1,1,김포공항,2513,5,하남검단산행,1,4,08:45
331,김포공항,4207,공항철도,인천공항2터미널행, 모든문,,김포공항,4102,9,개화행, 모든문,,00:05
332,김포공항,4207,공항철도,서울역행,5,2,김포공항,4102,9,개화행,2,4,00:49
333,김포공항,4207,공항철도,인천공항2터미널행,4,1,김포공항,4102,9,중앙보훈병원행,6,2,00:51
334,김포공항,4207,공항철도,서울역행, 모든문,,김포공항,4102,9,중앙보훈병원행, 모든문,,00:05
335,김포공항,4929,김포도시철도,양촌행,1,1,김포공항,4102,9,개화행,2,4,07:31
336,김포공항,4929,김포도시철도,양촌행,1,1,김포공항,4102,9,중앙보훈병원행,5,1,05:35
337,김포공항,4929,김포도시철도,양촌행,1,1,김포공항,4207,공항철도,인천공항2터미널행,3,4,07:31
338,김포공항,4929,김포도시철도,양촌행,1,1,김포공항,4207,공항철도,서울역행,4,1,06:42
339,태릉입구,2646,6,신내행,1,1,태릉입구,2719,7,장암행,8,3,02:19
340,태릉입구,2646,6,응암행,8,4,태릉입구,2719,7,장암행,8,3,01:58
341,태릉입구,2646,6,신내행,1,1,태릉입구,2719,7,석남행,1,1,02:09
342,태릉입구,2646,6,응암행,8,4,태릉입구,2719,7,석남행,1,1,01:59
343,도봉산,2712,7,장암행,7,2,도봉산,1903,1,소요산행,7,2,05:53
344,도봉산,2712,7,석남행,4,1,도봉산,1903,1,소요산행,7,2,03:43
345,도봉산,2712,7,장암행,7,2,도봉산,1903,1,인천행,4,3,05:54
346,도봉산,2712,7,석남행,4,1,도봉산,1903,1,인천행,4,3,03:37
347,창동,412,4,당고개행,7,3,창동,1022,1,소요산행,4,4,02:10
348,창동,412,4,오이도행,4,2,창동,1022,1,소요산행,4,4,02:15
349,창동,412,4,당고개행,3,4,창동,1022,1,인천행,7,2,02:11
350,창동,412,4,오이도행,8,1,창동,1022,1,인천행,7,2,02:34
351,석계,2645,6,신내행,5,2,석계,1018,1,소요산행,10,4,05:18
352,석계,2645,6,응암행,4,3,석계,1018,1,소요산행,10,4,05:19
353,석계,2645,6,신내행,5,2,석계,1018,1,인천행,1,1,05:17
354,석계,2645,6,응암행,4,2,석계,1018,1,인천행,1,1,05:25
355,공덕,2627,6,응암행,1,1,공덕,2530,5,방화행,1,1,03:27
356,공덕,2627,6,신내행,8,4,공덕,2530,5,방화행,1,1,02:25
357,공덕,1262,경의선,문산행,1,1,공덕,2530,5,방화행,1,1,06:46
358,공덕,1262,경의선,지평행,8,4,공덕,2530,5,방화행,1,1,06:47
359,공덕,4202,공항철도,인천공항2터미널행,1,4,공덕,2530,5,방화행,1,1,08:34
360,공덕,4202,공항철도,서울역행,6,1,공덕,2530,5,방화행,1,1,07:38
361,공덕,2627,6,응암행,1,1,공덕,2530,5,하남검단산행,8,4,03:27
362,공덕,2627,6,신내행,8,4,공덕,2530,5,하남검단산행,8,4,02:25
363,공덕,1262,경의선,문산행,1,1,공덕,2530,5,하남검단산행,8,4,06:46
364,공덕,1262,경의선,지평행,8,4,공덕,2530,5,하남검단산행,8,4,06:47
365,공덕,4202,공항철도,인천공항2터미널행,1,4,공덕,2530,5,하남검단산행,8,4,08:34
366,공덕,4202,공항철도,서울역행,6,1,공덕,2530,5,하남검단산행,8,4,07:38
367,공덕,2627,6,응암행,1,1,공덕,4202,공항철도,서울역행,6,1,05:44
368,공덕,2627,6,신내행,8,4,공덕,4202,공항철도,서울역행,6,1,04:09
369,공덕,1262,경의선,문산행,1,1,공덕,4202,공항철도,서울역행,6,1,05:33
370,공덕,1262,경의선,지평행,8,4,공덕,4202,공항철도,서울역행,6,1,07:01
371,공덕,2627,6,응암행,1,1,공덕,4202,공항철도,인천공항2터미널행,1,4,07:16
372,공덕,2627,6,신내행,8,4,공덕,4202,공항철도,인천공항2터미널행,1,4,05:04
373,공덕,1262,경의선,문산행,1,1,공덕,4202,공항철도,인천공항2터미널행,1,4,05:48
374,공덕,1262,경의선,지평행,8,4,공덕,4202,공항철도,인천공항2터미널행,1,4,05:49
375,공덕,2627,6,응암행,1,1,공덕,1262,경의선,문산행,1,1,07:03
376,공덕,2627,6,신내행,8,4,공덕,1262,경의선,문산행,1,1,04:11
377,공덕,2627,6,응암행,1,1,공덕,1262,경의선,지평행,8,4,05:39
378,공덕,2627,6,신내행,8,4,공덕,1262,경의선,지평행,8,4,05:39
379,시청,151,1,소요산행,10,4,시청,201,2,을지로입구행(내선),10,4,02:03
380,시청,151,1,인천행,1,1,시청,201,2,을지로입구행(내선),10,4,04:00
381,시청,151,1,소요산행,10,4,시청,201,2,충정로행(외선),1,1,02:03
382,시청,151,1,인천행,1,1,시청,201,2,충정로행(외선),1,1,04:00
383,을지로3가,320,3,대화행,4,2,을지로3가,203,2,을지로4가행(내선),10,4,02:39
384,을지로3가,320,3,오금행,7,2,을지로3가,203,2,을지로4가행(내선),10,4,03:23
385,을지로3가,320,3,대화행,7,1,을지로3가,203,2,을지로입구행(외선),1,1,03:28
386,을지로3가,320,3,오금행,4,4,을지로3가,203,2,을지로입구행(외선),1,1,03:28
387,동묘앞,2637,1,소요산행,9,1,동묘앞,2637,6,신내행,2,3,03:36
388,동묘앞,2637,1,소요산행,9,1,동묘앞,2637,6,응암행,7,3,03:36
389,동묘앞,2637,1,인천행,2,4,동묘앞,2637,6,신내행,2,3,03:33
390,동묘앞,2637,1,인천행,2,4,동묘앞,2637,6,응암행,7,3,03:33
391,서울역,4201,공항철도,인천공항2터미널행,2,4,서울역,150,1,인천행,1,2,15:56
392,서울역,426,4,당고개행,1,1,서울역,150,1,인천행,1,2,03:40
393,신도림,234,2,까치산행,4,1,신도림,1007,1,인천행,6,2,01:43
394,신도림,234,2,까치산행,4,1,신도림,234,2,문래행(내선),4,3,01:51
395,신도림,234,2,까치산행,4,1,신도림,234,2,대림행(외선),7,2,01:51
396,동대문역사문화공원,2537,5,방화행,8,4,동대문역사문화공원,422,4,당고개행,1,2,07:35
397,동대문역사문화공원,2537,5,하남검단산행,1,1,동대문역사문화공원,422,4,당고개행,9,2,04:00
398,동대문역사문화공원,205,2,신당행(내선),9,1,동대문역사문화공원,422,4,당고개행,1,2,00:43
399,동대문역사문화공원,205,2,을지로4가행(외선),2,3,동대문역사문화공원,422,4,당고개행,1,2,01:56
400,동대문역사문화공원,2537,5,방화행,8,4,동대문역사문화공원,422,4,오이도행,2,3,03:54
401,동대문역사문화공원,2537,5,하남검단산행,1,2,동대문역사문화공원,422,4,오이도행,2,3,03:50
402,동대문역사문화공원,205,2,신당행(내선),8,2,동대문역사문화공원,422,4,오이도행,8,3,03:23
403,동대문역사문화공원,205,2,을지로4가행(외선),3,3,동대문역사문화공원,422,4,오이도행,8,3,03:23
404,동대문역사문화공원,205,2,신당행(내선),8,2,동대문역사문화공원,2537,5,방화행,8,4,07:00
405,동대문역사문화공원,205,2,을지로4가행(외선),3,3,동대문역사문화공원,2537,5,방화행,8,4,07:00
406,동대문역사문화공원,205,2,신당행(내선),8,2,동대문역사문화공원,2537,5,하남검단산행,1,2,07:00
407,동대문역사문화공원,205,2,을지로4가행(외선),3,3,동대문역사문화공원,2537,5,하남검단산행,1,2,07:00
408,신설동,4713,우이신설선,북한산우이행,1,2,신설동,156,1,소요산행,9,4,03:27
409,신설동,246,2,성수행,4,2,신설동,156,1,소요산행,9,3,06:45
410,신설동,4713,우이신설선,북한산우이행,1,2,신설동,156,1,인천행,2,1,04:12
411,신설동,246,2,성수행,4,4,신설동,156,1,인천행,9,4,05:00
412,신설동,4713,우이신설선,북한산우이행,1,1,신설동,246,2,신설동행(2호선),4,4,06:41
413,상봉,1309,경춘선,춘천행,4,4,상봉,2722,7,장암행,3,4,07:00
414,상봉,1309,경춘선,청량리행,4,2,상봉,2722,7,장암행,3,4,10:15
415,상봉,1202,경의선,지평행,2,4,상봉,2722,7,장암행,3,4,06:53
416,상봉,1202,경의선,문산행,4,2,상봉,2722,7,장암행,3,4,10:15
417,상봉,1309,경춘선,광운대행, ,,상봉,2722,7,장암행,3,4,00:00
418,상봉,1309,경춘선,춘천행,4,4,상봉,2722,7,석남행,6,2,07:06
419,상봉,1309,경춘선,청량리행,4,2,상봉,2722,7,석남행,6,2,10:01
420,상봉,1202,경의선,지평행,2,4,상봉,2722,7,석남행,6,2,06:56
421,상봉,1202,경의선,문산행,4,2,상봉,2722,7,석남행,6,2,10:01
422,상봉,1309,경춘선,광운대행, ,,상봉,2722,7,석남행,6,1,00:00
423,상봉,1309,경춘선,광운대행, ,,상봉,1309,경춘선,춘천행,4,4,00:00
424,상봉,1202,경의선,문산행,4,2,상봉,1309,경춘선,춘천행,4,4,03:35
425,상봉,1202,경의선,지평행,6,2,상봉,1309,경춘선,춘천행,4,4,03:35
426,상봉,1309,경춘선,광운대행, ,,상봉,1309,경춘선,청량리행,5,1,00:00
427,상봉,1202,경의선,문산행,4,2,상봉,1309,경춘선,청량리행,5,1,03:35
428,상봉,1202,경의선,지평행,6,2,상봉,1309,경춘선,청량리행,5,1,03:35
429,상봉,1309,경춘선,광운대행, ,,상봉,1202,경의선,문산행,4,2,00:00
430,상봉,1309,경춘선,광운대행, ,,상봉,1202,경의선,지평행,6,2,00:00
431,회룡,4602,의정부경전철,발곡행, ,,회룡,1905,1,소요산행,5,3,04:03
432,회룡,4602,의정부경전철,탑석행, ,,회룡,1905,1,소요산행,5,3,06:55
433,회룡,4602,의정부경전철,발곡행, ,,회룡,1905,1,인천행,8,3,03:25
434,회룡,4602,의정부경전철,탑석행, ,,회룡,1905,1,인천행,8,3,05:20
435,노원,2715,7,장암행,1,1,노원,411,4,당고개행,10,4,09:01
436,노원,2715,7,석남행,8,4,노원,411,4,당고개행,10,4,09:19
437,노원,2715,7,장암행,1,1,노원,411,4,오이도행,1,1,08:20
438,노원,2715,7,석남행,8,4,노원,411,4,오이도행,1,1,08:20
439,광운대,1305,경춘선,상봉행,6,1,광운대,1019,1,인천행,1,2,01:53
440,광운대,1305,경춘선,상봉행,1,1,광운대,1019,1,소요산행,6,1,01:57
441,회기,1307,경춘선,춘천행, ,,회기,101C,경의선,지평행, ,,00:00
442,회기,1307,경춘선,청량리행,6,2,회기,101C,경의선,지평행,3,3,00:06
443,회기,1015,1,소요산행,7,3,회기,101C,경의선,지평행,3,3,02:21
444,회기,1015,1,인천행,4,3,회기,101C,경의선,지평행,3,3,02:15
445,회기,1307,경춘선,춘천행,3,3,회기,101C,경의선,문산행,6,3,00:07
446,회기,1307,경춘선,청량리행, ,,회기,101C,경의선,문산행, ,,00:00
447,회기,1015,1,소요산행,4,2,회기,101C,경의선,문산행,6,2,02:03
448,회기,1015,1,인천행,7,2,회기,101C,경의선,문산행,6,2,02:03
449,회기,1015,1,소요산행,4,2,회기,1307,경춘선,춘천행,6,2,02:09
450,회기,1015,1,인천행,7,2,회기,1307,경춘선,춘천행,6,2,02:09
451,회기,1015,1,소요산행,4,2,회기,1307,경춘선,청량리행,3,3,02:09
452,회기,1015,1,인천행,7,2,회기,1307,경춘선,청량리행,3,3,02:09
453,중랑,1201,경의선,지평행,8,2,중랑,1308,경춘선,춘천행,8,2,00:00
454,중랑,1201,경의선,문산행,1,2,중랑,1308,경춘선,청량리행,1,2,00:00
455,중랑,1201,경의선,지평행,8,2,중랑,1308,경춘선,춘천행,8,2,00:00
456,중랑,1201,경의선,문산행,1,2,중랑,1308,경춘선,청량리행,1,2,00:00
457,망우,1203,경의선,지평행,7,4,망우,1310,경춘선,춘천행,6,2,05:16
458,망우,1203,경의선,지평행,7,4,망우,1310,경춘선,청량리행,3,3,05:07
459,망우,1203,경의선,문산행,5,2,망우,1310,경춘선,춘천행,3,3,03:44
460,망우,1203,경의선,문산행,5,2,망우,1310,경춘선,청량리행,6,1,03:44
461,김포공항,4207,공항철도,인천공항2터미널행,4,1,김포공항,2513,5,방화행,7,3,05:28
462,왕십리,1013,경의선,문산행,2,4,왕십리,208,2,한양대행(내선),2,3,02:13
463,왕십리,1013,경의선,지평행,7,1,왕십리,208,2,한양대행(내선),2,3,02:13
464,왕십리,2541,5,방화행,4,2,왕십리,208,2,한양대행(내선),6,1,05:01
465,왕십리,2541,5,하남검단산행,5,2,왕십리,208,2,한양대행(내선),6,1,03:55
466,왕십리,102C,수인분당선,청량리행,4,4,왕십리,208,2,상왕십리행(외선),6,4,03:49
467,왕십리,102C,수인분당선,인천행,4,4,왕십리,208,2,상왕십리행(외선),6,4,03:49
468,왕십리,1013,경의선,문산행,2,4,왕십리,208,2,상왕십리행(외선),7,1,03:34
469,왕십리,1013,경의선,지평행,7,1,왕십리,208,2,상왕십리행(외선),7,1,03:34
470,왕십리,2541,5,방화행,4,2,왕십리,208,2,상왕십리행(외선),5,4,05:03
471,왕십리,2541,5,하남검단산행,5,2,왕십리,208,2,상왕십리행(외선),5,4,03:57
472,왕십리,1013,경의선,문산행,8,2,왕십리,102C,수인분당선,청량리행,4,4,02:38
473,왕십리,1013,경의선,지평행,1,3,왕십리,102C,수인분당선,청량리행,4,4,02:38
474,왕십리,2541,5,방화행,4,2,왕십리,102C,수인분당선,청량리행,4,4,08:24
475,왕십리,2541,5,하남검단산행,5,2,왕십리,102C,수인분당선,청량리행,4,4,07:18
476,왕십리,1013,경의선,문산행,8,2,왕십리,102C,수인분당선,인천행,4,4,02:38
477,왕십리,1013,경의선,지평행,1,3,왕십리,102C,수인분당선,인천행,4,4,02:38
478,왕십리,2541,5,방화행,4,2,왕십리,102C,수인분당선,인천행,4,4,08:24
479,왕십리,2541,5,하남검단산행,5,2,왕십리,102C,수인분당선,인천행,4,4,07:18
480,왕십리,2541,5,방화행,4,2,왕십리,1013,경의선,문산행,8,2,08:29
481,왕십리,2541,5,하남검단산행,5,2,왕십리,1013,경의선,문산행,8,2,07:23
482,왕십리,2541,5,방화행,4,2,왕십리,1013,경의선,지평행,1,3,08:29
483,왕십리,2541,5,하남검단산행,5,2,왕십리,1013,경의선,지평행,1,3,07:23
484,디지털미디어시티,1266,경의선,문산행,8,4,디지털미디어시티,4204,공항철도,서울역행,2,3,10:06
485,디지털미디어시티,1266,경의선,지평행,1,1,디지털미디어시티,4204,공항철도,서울역행,2,3,15:29
486,디지털미디어시티,2619,6,응암행,8,4,디지털미디어시티,4204,공항철도,서울역행,2,3,07:20
487,디지털미디어시티,2619,6,신내행,1,1,디지털미디어시티,4204,공항철도,서울역행,2,4,07:19
488,디지털미디어시티,1266,경의선,문산행,8,4,디지털미디어시티,4204,공항철도,인천공항2터미널행,3,1,11:47
489,디지털미디어시티,1266,경의선,지평행,1,1,디지털미디어시티,4204,공항철도,인천공항2터미널행,5,1,16:52
490,디지털미디어시티,2619,6,응암행,8,4,디지털미디어시티,4204,공항철도,인천공항2터미널행,2,3,11:50
491,디지털미디어시티,2619,6,신내행,1,1,디지털미디어시티,4204,공항철도,인천공항2터미널행,6,4,06:44
492,디지털미디어시티,2619,6,응암행,2,2,디지털미디어시티,1266,경의선,문산행,8,4,03:20
493,디지털미디어시티,2619,6,신내행,7,2,디지털미디어시티,1266,경의선,문산행,8,4,02:25
494,디지털미디어시티,2619,6,응암행,2,2,디지털미디어시티,1266,경의선,지평행,1,1,03:46
495,디지털미디어시티,2619,6,신내행,7,2,디지털미디어시티,1266,경의선,지평행,1,1,02:13
496,홍대입구,4203,공항철도,서울역행,5,3,홍대입구,239,2,신촌행(내선),3,2,08:28
497,홍대입구,4203,공항철도,인천공항2터미널행,2,1,홍대입구,239,2,신촌행(내선),3,2,08:31
498,홍대입구,1264,경의선,문산행,1,1,홍대입구,239,2,신촌행(내선),3,2,07:00
499,홍대입구,1264,경의선,지평행,8,4,홍대입구,239,2,신촌행(내선),3,2,06:48
500,홍대입구,4203,공항철도,서울역행,1,1,홍대입구,239,2,합정행(외선),6,3,11:46
501,홍대입구,4203,공항철도,인천공항2터미널행,2,2,홍대입구,239,2,합정행(외선),8,2,10:57
502,홍대입구,1264,경의선,문산행,1,1,홍대입구,239,2,합정행(외선),8,2,09:17
503,홍대입구,1264,경의선,지평행,8,4,홍대입구,239,2,합정행(외선),8,2,06:45
504,홍대입구,1264,경의선,문산행,1,1,홍대입구,4203,공항철도,서울역행,5,3,04:10
505,홍대입구,1264,경의선,지평행,8,4,홍대입구,4203,공항철도,서울역행,1,1,05:42
506,홍대입구,1264,경의선,문산행,1,1,홍대입구,4203,공항철도,인천공항2터미널행,2,2,04:19
507,홍대입구,1264,경의선,지평행,8,4,홍대입구,4203,공항철도,인천공항2터미널행,2,2,05:07
508,종로3가,2535,5,방화행,8,4,종로3가,153,1,소요산행,6,4,07:06
509,종로3가,2535,5,하남검단산행,1,1,종로3가,153,1,소요산행,6,1,07:38
510,종로3가,319,3,대화행,2,2,종로3가,153,1,소요산행,4,2,05:19
511,종로3가,319,3,오금행,2,3,종로3가,153,1,소요산행,6,4,02:27
512,종로3가,2535,5,방화행,8,4,종로3가,153,1,인천행,7,3,08:24
513,종로3가,2535,5,하남검단산행,1,1,종로3가,153,1,인천행,7,3,09:14
514,종로3가,319,3,대화행,10,4,종로3가,153,1,인천행,6,2,03:27
515,종로3가,319,3,오금행,1,1,종로3가,153,1,인천행,6,2,02:34
516,종로3가,319,3,대화행,2,2,종로3가,2535,5,방화행,8,4,03:23
517,종로3가,319,3,오금행,7,2,종로3가,2535,5,방화행,1,1,03:43
518,종로3가,319,3,대화행,9,2,종로3가,2535,5,하남검단산행,1,1,05:39
519,종로3가,319,3,오금행,7,2,종로3가,2535,5,하남검단산행,1,1,03:46
520,신도림,234,2,문래행(내선),4,3,신도림,1007,1,소요산행,5,2,02:36
521,신도림,234,2,대림행(외선),7,2,신도림,1007,1,소요산행,5,1,02:20
522,신도림,234,2,까치산행,1,1,신도림,1007,1,소요산행,5,1,02:17
523,신도림,234,2,문래행(내선),4,3,신도림,1007,1,인천행,7,3,03:30
524,신도림,234,2,대림행(외선),9,3,신도림,1007,1,인천행,6,2,01:57
525,오이도,1800,수인분당선,청량리행,2,4,오이도,1762,4,당고개행,2,4,00:00
526,원인재,1884,수인분당선,신포행,4,3,원인재,3130,인천1,송도달빛축제공원행,7,3,05:07
527,원인재,1884,수인분당선,청량리행,5,2,원인재,3130,인천1,송도달빛축제공원행,7,3,05:07
528,원인재,1884,수인분당선,신포행,4,3,원인재,3130,인천1,계양행,7,3,05:30
529,원인재,1884,수인분당선,청량리행,5,2,원인재,3130,인천1,계양행,7,3,05:30
530,가락시장,2818,8,암사행,6,4,가락시장,340,3,대화행,10,1,02:02
531,가락시장,2818,8,암사행,6,4,가락시장,340,3,오금행,1,4,02:02
532,가락시장,2818,8,모란행,1,1,가락시장,340,3,대화행,10,1,01:52
533,가락시장,2818,8,모란행,1,1,가락시장,340,3,오금행,1,4,01:52
534,이매,1502,경강선,판교행,4,4,이매,1860,수인분당선,신포행,1,1,02:04
535,이매,1502,경강선,여주행,1,1,이매,1860,수인분당선,신포행,1,1,02:05
536,이매,1502,경강선,판교행,2,3,이매,1860,수인분당선,청량리행,6,4,01:52
537,이매,1502,경강선,여주행,3,2,이매,1860,수인분당선,청량리행,6,4,02:28
538,부평,1806,1,소요산행,7,3,부평,3120,인천1,계양행,1,1,07:17
539,부평,1806,1,소요산행,7,3,부평,3120,인천1,송도달빛축제공원행,1,4,07:20
540,부평,1806,1,인천행,7,3,부평,3120,인천1,계양행,5,1,07:20
541,부평,1806,1,인천행,7,3,부평,3120,인천1,송도달빛축제공원행,1,4,07:22
542,복정,2821,8,암사행,4,2,복정,1031,수인분당선,청량리행,6,3,00:30
543,복정,2821,8,암사행,4,2,복정,1031,수인분당선,신포행,3,2,00:40
544,복정,2821,8,모란행,3,2,복정,1031,수인분당선,청량리행,6,3,00:30
545,복정,2821,8,모란행,3,2,복정,1031,수인분당선,신포행,3,2,00:40
546,대곡,1953,3,대화행,3,4,대곡,300,경의선,문산행,4,2,05:19
547,대곡,1953,3,오금행,8,1,대곡,300,경의선,문산행,4,2,05:27
548,대곡,1953,3,대화행,3,4,대곡,300,경의선,지평행,5,3,05:11
549,대곡,1953,3,오금행,8,1,대곡,300,경의선,지평행,5,3,05:22
550,가좌,1265,경의선,문산행,5,1,가좌,1265,경의선,서울역행,3,3,01:59
551,문산,1284,경의선,임진강행,3,3,문산,1284,경의선,지평행,6,2,01:59
552,효창공원앞,2628,6,응암행,6,4,효창공원앞,1261,경의선,문산행,5,3,06:40
553,효창공원앞,2628,6,신내행,3,1,효창공원앞,1261,경의선,지평행,8,2,03:31
554,효창공원앞,2628,6,신내행,3,1,효창공원앞,1261,경의선,문산행,5,3,06:40
555,효창공원앞,2628,6,응암행,6,4,효창공원앞,1261,경의선,지평행,8,2,03:31
556,청구,2635,6,신내행,6,2,청구,2538,5,하남검단산행,6,4,02:37
557,청구,2635,6,응암행,6,1,청구,2538,5,하남검단산행,6,4,02:30
558,청구,2635,6,신내행,6,2,청구,2538,5,방화행,2,4,02:37
559,청구,2635,6,응암행,6,1,청구,2538,5,방화행,2,4,02:30
560,합정,238,2,홍대입구행(내선),2,2,합정,2623,6,응암행,5,3,02:29
561,합정,238,2,홍대입구행(내선),2,2,합정,2623,6,신내행,6,2,03:23
562,합정,238,2,당산행(외선),9,3,합정,2623,6,응암행,5,3,02:31
563,합정,238,2,당산행(외선),9,3,합정,2623,6,신내행,6,2,02:32
564,인천,1812,1,인천행(1호선),4,1,인천,1891,수인분당선,청량리행(수인분당선),2,3,03:50
565,주안,1809,1,인천행,1,4,주안,3218,인천2,검단오류행,2,3,03:45
566,주안,1809,1,인천행,1,4,주안,3218,인천2,운연행,1,1,03:51
567,주안,1809,1,소요산행,10,1,주안,3218,인천2,검단오류행,2,3,04:06
568,주안,1809,1,소요산행,10,1,주안,3218,인천2,운연행,1,1,04:11
569,인천시청,3124,인천1,송도달빛축제공원행,1,1,인천시청,3221,인천2,검단오류행,2,2,04:17
570,인천시청,3124,인천1,송도달빛축제공원행,1,1,인천시청,3221,인천2,운연행,1,1,04:00
571,인천시청,3124,인천1,계양행,8,2,인천시청,3221,인천2,검단오류행,2,2,04:14
572,인천시청,3124,인천1,계양행,8,2,인천시청,3221,인천2,운연행,1,1,04:06
573,석남,3213,인천2,검단오류행,2,3,석남,3763,7,장암행,1,4,05:45
574,석남,3213,인천2,운연행,1,1,석남,3763,7,장암행,2,4,05:26
575,기흥,1865,수인분당선,신포행,1,3,기흥,4501,용인경전철,전대.에버랜드행,4,4,07:00
576,기흥,1865,수인분당선,청량리행,1,3,기흥,4501,용인경전철,전대.에버랜드행,1,2,07:00
577,모란,1853,수인분당선,청량리행,1,1,모란,2827,8,암사행,6,4,03:43
578,모란,1853,수인분당선,신포행,6,4,모란,2827,8,암사행,6,4,02:23
579,청량리,1845,수인분당선,인천행(수인분당선),8,4,청량리,158,1,인천행(1호선),10,4,05:40
580,청량리,1014,경의선,문산행,5,3,청량리,158,1,인천행(1호선),10,4,09:10
581,청량리,1014,경의선,지평행,8,4,청량리,158,1,인천행(1호선),10,4,05:56
582,청량리,1306,경춘선,춘천행,8,4,청량리,158,1,인천행(1호선),10,4,05:56
583,청량리,1845,수인분당선,인천행(수인분당선),8,4,청량리,158,1,소요산행,1,1,05:40
584,청량리,1014,경의선,문산행,5,3,청량리,158,1,소요산행,1,1,09:10
585,청량리,1014,경의선,지평행,5,3,청량리,158,1,소요산행,1,1,05:56
586,청량리,1306,경춘선,춘천행,8,4,청량리,158,1,소요산행,1,1,05:56
587,청량리,1306,경춘선,춘천행,5,2,청량리,1014,경의선,문산행,5,3,03:43
588,청량리,1845,수인분당선,인천행(수인분당선),4,3,청량리,1014,경의선,문산행,5,3,03:43
589,청량리,1306,경춘선,춘천행,5,2,청량리,1014,경의선,지평행,4,3,02:25
590,청량리,1845,수인분당선,인천행(수인분당선),4,3,청량리,1014,경의선,지평행,4,3,02:25
591,청량리,1306,경춘선,춘천행, 모든 문,,청량리,1845,수인분당선,청량리행(수인분당선), 모든 문,,00:05
592,왕십리,102C,수인분당선,청량리행,4,4,왕십리,208,2,한양대행(내선),2,4,05:02
593,왕십리,102C,수인분당선,인천행,4,4,왕십리,208,2,한양대행(내선),2,4,05:02
594,신당,206,2,동대문역사문화공원행(외선),1,1,신당,2636,6,응암행,1,1,07:01
595,을지로4가,204,2,동대문역사문화공원행(내선),4,3,을지로4가,2536,5,마천행,1,1,03:37
596,을지로4가,204,2,동대문역사문화공원행(내선),4,3,을지로4가,2536,5,방화행,8,4,03:37
597,을지로4가,204,2,을지로3가행(외선),4,2,을지로4가,2536,5,마천행,1,1,04:18
598,을지로4가,204,2,을지로3가행(외선),4,2,을지로4가,2536,5,방화행,8,4,04:18
599,수원,1846,수인분당선,신포행,4,2,수원,1713,1,인천행,8,2,04:12
600,수원,1846,수인분당선,청량리행,4,2,수원,1713,1,인천행,8,2,04:02
601,수원,1846,수인분당선,신포행,4,2,수원,1713,1,신창행,1,3,05:38
602,수원,1846,수인분당선,청량리행,4,2,수원,1713,1,신창행,6,4,05:09
603,동작,431,4,오이도행,2,4,동작,4120,9,개화행,6,4,08:20
604,동작,431,4,오이도행,2,4,동작,4120,9,중앙보훈병원행,6,4,08:20
605,동작,431,4,당고개행,8,4,동작,4120,9,개화행,6,4,08:30
606,동작,431,4,당고개행,8,4,동작,4120,9,중앙보훈병원행,6,4,08:30
607,구로,1701,1,인천행,1,1,구로,1701,1,신창행,1,1,02:05
608,구로,1701,1,소요산행,10,4,구로,1701,1,신창행,1,1,02:10
609,온수,2752,7,석남행,1,1,온수,1821,1,인천행,1,1,03:49
610,온수,2752,7,장암행,8,4,온수,1821,1,인천행,1,1,03:45
611,온수,2752,7,석남행,1,1,온수,1821,1,소요산행,10,4,03:32
612,온수,2752,7,장암행,8,4,온수,1821,1,소요산행,10,4,03:29
613,삼각지,428,4,당고개행,1,1,삼각지,2629,6,응암행,6,4,03:44
614,삼각지,428,4,당고개행,1,1,삼각지,2629,6,신내행,3,1,03:44
615,삼각지,428,4,오이도행,10,4,삼각지,2629,6,응암행,3,1,03:37
616,삼각지,428,4,오이도행,10,4,삼각지,2629,6,신내행,6,4,03:37
617,마곡나루,4105,9,개화행,4,4,마곡나루,4206,공항철도,서울역행,2,1,06:51
618,마곡나루,4105,9,개화행,4,4,마곡나루,4206,공항철도,인천공항2터미널행,6,4,06:56
619,마곡나루,4105,9,중앙보훈병원행,1,3,마곡나루,4206,공항철도,서울역행,2,1,05:48
620,마곡나루,4105,9,중앙보훈병원행,1,3,마곡나루,4206,공항철도,인천공항2터미널행,6,4,05:57
621,계양,3110,인천1,계양행,7,1,계양,4208,공항철도,인천공항2터미널행,2,1,02:38
622,계양,3110,인천1,계양행,7,1,계양,4208,공항철도,서울역행,5,4,03:29
623,계양,3110,인천1,부평행,2,4,계양,4208,공항철도,인천공항2터미널행,2,1,02:19
624,계양,3110,인천1,부평행,2,4,계양,4208,공항철도,서울역행,2,3,02:20
625,신길온천,1835,수인분당선,신포행,4,4,신길온천,1760,4,오이도행,4,4,00:00
626,신길온천,1835,수인분당선,청량리행,7,1,신길온천,1760,4,오이도행,4,4,01:42
627,신길온천,1835,수인분당선,신포행,4,4,신길온천,1760,4,당고개행,7,1,01:42
628,신길온천,1835,수인분당선,청량리행,7,1,신길온천,1760,4,당고개행,7,1,00:00
629,정왕,1836,수인분당선,신포행,5,1,정왕,1761,4,오이도행,5,1,00:00
630,정왕,1836,수인분당선,청량리행,6,4,정왕,1761,4,오이도행,5,1,02:12
631,정왕,1836,수인분당선,신포행,5,1,정왕,1761,4,당고개행,6,4,02:12
632,정왕,1836,수인분당선,청량리행,6,4,정왕,1761,4,당고개행,6,4,00:00
633,대림,2746,7,석남행,1,1,대림,233,2,구로디지털단지행(외선),4,2,05:18
634,대림,2746,7,장암행,8,4,대림,233,2,구로디지털단지행(외선),4,2,05:55
635,대림,2746,7,석남행,1,1,대림,233,2,신도림행(내선),7,4,05:21
636,대림,2746,7,장암행,8,4,대림,233,2,신도림행(내선),7,4,05:57
637,소사,1814,1,인천행,6,2,소사,4804,서해선,원시행,4,4,05:35
638,소사,1814,1,소요산행,3,4,소사,4804,서해선,원시행,4,4,05:08
639,이촌,430,4,당고개행,4,2,이촌,1008,경의선,문산행,4,2,03:42
640,이촌,430,4,오이도행,7,2,이촌,1008,경의선,문산행,4,2,03:22
641,이촌,430,4,당고개행,4,2,이촌,1008,경의선,지평행,5,2,03:25
642,이촌,430,4,오이도행,7,2,이촌,1008,경의선,지평행,5,2,02:12
643,신내,1311,경춘선,춘천행,4,4,신내,2649,6,응암행,2,1,03:45
644,신내,1311,경춘선,청량리행,4,3,신내,2649,6,응암행,2,1,02:34
645,용산,1003,1,소요산행,10,2,용산,100C,경의선,문산행,8,4,03:32
646,용산,1003,1,인천행,1,1,용산,100C,경의선,문산행,8,4,03:42
647,용산,1003,1,소요산행,10,2,용산,100C,경의선,지평행,1,2,03:48
648,용산,1003,1,인천행,1,1,용산,100C,경의선,지평행,1,2,03:52
649,노량진,1004,1,인천행,3,1,노량진,4117,9,중앙보훈병원행,2,3,03:40
650,노량진,1004,1,인천행,3,1,노량진,4117,9,개화행,5,2,03:35
651,노량진,1004,1,소요산행,5,2,노량진,4117,9,중앙보훈병원행,2,3,05:20
652,노량진,1004,1,소요산행,5,2,노량진,4117,9,개화행,5,2,05:13
653,수서,339,3,오금행,5,2,수서,1030,수인분당선,청량리행,6,4,02:20
654,수서,339,3,오금행,5,2,수서,1030,수인분당선,신포행,3,1,02:34
655,수서,339,3,대화행,5,2,수서,1030,수인분당선,청량리행,6,4,02:20
656,수서,339,3,대화행,5,2,수서,1030,수인분당선,신포행,3,1,02:34
657,검암,3207,인천2,검단오류행,2,3,검암,4209,공항철도,인천공항2터미널행,6,4,07:38
658,검암,3207,인천2,검단오류행,2,3,검암,4209,공항철도,서울역행,2,2,07:29
659,검암,3207,인천2,운연행,1,1,검암,4209,공항철도,인천공항2터미널행,6,4,08:29
660,검암,3207,인천2,운연행,1,1,검암,4209,공항철도,서울역행,2,2,07:19
661,인천공항1터미널,4213,공항철도,서울역행,4,1,인천공항1터미널,,자기부상철도,용유역행,1,1,05:16
662,인천공항1터미널,4213,공항철도,인천공항2터미널행,5,4,인천공항1터미널,,자기부상철도,용유역행,1,1,05:19
663,오이도,1800,수인분당선,신포행,9,1,오이도,1762,4,당고개행,2,4,01:43
664,한대앞,1830,수인분당선,청량리행,6,2,한대앞,1755,4,당고개행,6,2,00:00
665,중앙,1831,수인분당선,신포행,4,4,중앙,1756,4,오이도행,4,4,00:00
666,중앙,1831,수인분당선,청량리행,7,1,중앙,1756,4,오이도행,4,4,01:40
667,중앙,1831,수인분당선,신포행,4,4,중앙,1756,4,당고개행,7,1,01:40
668,중앙,1831,수인분당선,청량리행,7,1,중앙,1756,4,당고개행,7,1,00:00
669,금천구청,1703,1,광명행,7,1,금천구청,1703,1,신창행,7,1,00:00
670,금천구청,1703,1,소요산행,4,4,금천구청,1703,1,광명행,7,1,00:57
671,당산,237,2,합정행(내선),8,1,당산,4113,9,중앙보훈병원행,6,4,05:22
672,당산,237,2,합정행(내선),8,1,당산,4113,9,개화행,1,1,05:16
673,당산,237,2,영등포구청행(외선),3,4,당산,4113,9,중앙보훈병원행,6,4,05:46
674,당산,237,2,영등포구청행(외선),3,4,당산,4113,9,개화행,1,1,05:46
675,영등포구청,2524,5,방화행,7,2,영등포구청,236,2,당산행(내선),7,4,05:21
676,영등포구청,2524,5,방화행,7,2,영등포구청,236,2,문래행(외선),2,3,03:50
677,영등포구청,2524,5,하남검단산행,2,3,영등포구청,236,2,당산행(내선),7,4,05:49
678,영등포구청,2524,5,하남검단산행,2,3,영등포구청,236,2,문래행(외선),2,3,04:07
679,신길,1032,1,인천행,2,4,신길,2526,5,방화행,7,3,07:07
680,신길,1032,1,인천행,2,4,신길,2526,5,하남검단산행,2,1,06:50
681,신길,1032,1,소요산행,9,1,신길,2526,5,방화행,7,3,07:18
682,신길,1032,1,소요산행,9,1,신길,2526,5,하남검단산행,2,1,07:05
683,까치산,2519,5,방화행,1,1,까치산,200,2,신정네거리행(내선),6,4,02:04
684,까치산,2519,5,마천행,7,4,까치산,200,2,신정네거리행(내선),6,4,00:23
685,옥수,325,3,대화행,7,4,옥수,1011,경의선,문산행,2,4,05:14
686,옥수,325,3,오금행,4,1,옥수,1011,경의선,문산행,2,4,05:20
687,옥수,325,3,대화행,7,4,옥수,1011,경의선,지평행,7,1,04:15
688,옥수,325,3,오금행,4,1,옥수,1011,경의선,지평행,7,1,05:01
689,약수,2634,6,신내행,1,1,약수,323,3,대화행,7,1,04:10
690,약수,2634,6,응암행,8,4,약수,323,3,대화행,7,1,04:18
691,약수,2634,6,신내행,1,1,약수,323,3,오금행,4,3,04:10
692,약수,2634,6,응암행,8,4,약수,323,3,오금행,4,3,04:18
693,충무로,321,3,대화행,4,2,충무로,423,4,오이도행,7,1,01:46
694,충무로,321,3,대화행,4,4,충무로,423,4,당고개행,5,1,00:38
695,충무로,321,3,오금행,8,4,충무로,423,4,오이도행,7,1,00:49
696,충무로,321,3,오금행,8,2,충무로,423,4,당고개행,5,1,01:41
697,불광,312,3,대화행,1,2,불광,2613,6,응암행,2,2,03:39
698,불광,312,3,오금행,10,3,불광,2613,6,응암행,7,2,03:48
699,불광,312,3,대화행,1,2,불광,2613,6,신내행,2,2,03:42
700,불광,312,3,오금행,10,3,불광,2613,6,신내행,7,2,03:48
701,연신내,311,3,대화행,5,1,연신내,2615,6,응암행,6,2,05:43
702,연신내,311,3,오금행,6,4,연신내,2615,6,신내행,6,2,05:47
703,초지,4813,서해선,소사행,4,4,초지,1833,수인분당선,신포행,6,4,07:39
704,초지,4813,서해선,소사행,4,4,초지,1833,수인분당선,청량리행,1,1,07:20
705,초지,4813,서해선,소사행,4,4,초지,1758,4,오이도행,10,4,07:18
706,초지,4813,서해선,소사행,4,4,초지,1758,4,당고개행,1,1,07:20
707,초지,4813,서해선,원시행,1,4,초지,1833,수인분당선,신포행,6,4,08:45
708,초지,4813,서해선,원시행,1,4,초지,1833,수인분당선,청량리행,1,1,07:39
709,초지,4813,서해선,원시행,1,4,초지,1758,4,오이도행,10,4,07:31
710,초지,4813,서해선,원시행,1,4,초지,1758,4,당고개행,1,1,07:39
711,초지,1833,수인분당선,신포행, ,,초지,1758,4,오이도행, ,,00:00
712,초지,1833,수인분당선,신포행,6,4,초지,1758,4,당고개행,1,1,03:50
713,초지,1833,수인분당선,청량리행,1,1,초지,1758,4,오이도행,10,4,02:31
714,초지,1833,수인분당선,청량리행, ,,초지,1758,4,당고개행, ,,00:00
715,여의도,2527,5,하남검단산행,6,1,여의도,4115,9,중앙보훈병원행,4,3,01:59
716,여의도,2527,5,하남검단산행,3,4,여의도,4115,9,개화행,3,4,02:01
717,여의도,2527,5,방화행,3,4,여의도,4115,9,중앙보훈병원행,4,3,01:56
718,여의도,2527,5,방화행,6,1,여의도,4115,9,개화행,3,4,01:58
719,금정,1708,1,인천행,7,3,금정,1458,4,오이도행,4,2,01:54
720,금정,1708,1,신창행,4,2,금정,1458,4,오이도행,4,2,00:03
721,금정,1708,1,인천행,7,3,금정,1458,4,당고개행,7,3,00:03
722,금정,1708,1,신창행,4,2,금정,1458,4,당고개행,7,3,01:53
723,고잔,1832,수인분당선,신포행,5,1,고잔,1757,4,오이도행,5,1,00:00
724,고잔,1832,수인분당선,청량리행,6,4,고잔,1757,4,오이도행,5,1,01:54
725,고잔,1832,수인분당선,신포행,5,1,고잔,1757,4,당고개행,6,4,01:54
726,고잔,1832,수인분당선,청량리행,6,4,고잔,1757,4,당고개행,6,4,00:00
727,안산,1834,수인분당선,신포행,4,3,안산,1759,4,오이도행,4,3,00:00
728,안산,1834,수인분당선,청량리행,7,2,안산,1759,4,오이도행,4,3,01:41
729,안산,1834,수인분당선,신포행,4,3,안산,1759,4,당고개행,7,2,01:41
730,안산,1834,수인분당선,청량리행,7,2,안산,1759,4,당고개행,7,2,00:00
731,충정로,243,2,시청행(내선),9,1,충정로,2532,5,하남검단산행,5,3,07:14
732,충정로,243,2,시청행(내선),9,1,충정로,2532,5,방화행,4,1,07:14
733,충정로,243,2,아현행(외선),2,4,충정로,2532,5,하남검단산행,5,3,07:14
734,충정로,243,2,아현행(외선),2,4,충정로,2532,5,방화행,4,1,07:14
735,신당,206,2,상왕십리행(내선),10,4,신당,2636,6,신내행,8,4,07:07
736,신당,206,2,상왕십리행(내선),10,4,신당,2636,6,응암행,1,1,07:07
737,신당,206,2,동대문역사문화공원행(외선),1,1,신당,2636,6,신내행,8,4,07:01
738,총신대입구,432,4,당고개행,10,3,이수,2738,7,석남행,8,4,03:44
739,총신대입구,432,4,당고개행,10,3,이수,2738,7,장암행,2,2,05:17
740,건대입구,212,2,구의행(내선),3,2,건대입구,2729,7,장암행,8,4,05:35
741,건대입구,212,2,구의행(내선),3,2,건대입구,2729,7,석남행,1,1,03:49
742,건대입구,212,2,성수행(외선),7,3,건대입구,2729,7,장암행,8,4,05:25
743,건대입구,212,2,성수행(외선),8,3,건대입구,2729,7,석남행,1,1,03:44
744,성수,211,2,건대입구행(내선),10,4,성수,211,2,신설동행,1,1,03:32
745,성수,211,2,뚝섬행(외선),4,1 이후 모든 문,성수,211,2,신설동행, 모든 문,,00:05
746,양재,4308,신분당선,광교행,6,4,양재,332,3,오금행,6,1,03:20
747,양재,4308,신분당선,광교행,4,3,양재,332,3,대화행,5,4,03:46
748,양재,4308,신분당선,강남행,3,3,양재,332,3,오금행,6,1,03:46
749,양재,4308,신분당선,강남행,3,3,양재,332,3,대화행,5,4,04:16
750,교대,223,2,강남행(외선),10,4,교대,330,3,오금행,2,1,02:38
751,교대,223,2,강남행(외선),10,4,교대,330,3,대화행,9,4,02:38
752,교대,223,2,서초행(내선),1,1,교대,330,3,오금행,8,2,00:57
753,교대,223,2,서초행(내선),1,1,교대,330,3,대화행,3,3,00:59
754,고속터미널,329,3,대화행,4,3,고속터미널,4123,9,중앙보훈병원행,1,2,03:21
755,고속터미널,329,3,대화행,2,3,고속터미널,4123,9,개화행,5,1,05:30
756,고속터미널,329,3,대화행,7,2,고속터미널,2736,7,장암행,2,3,04:06
757,고속터미널,329,3,대화행,7,2,고속터미널,2736,7,석남행,7,1,04:19
758,고속터미널,329,3,오금행,9,2,고속터미널,4123,9,중앙보훈병원행,1,2,05:03
759,고속터미널,329,3,오금행,9,2,고속터미널,4123,9,개화행,5,1,05:01
760,고속터미널,329,3,오금행,9,2,고속터미널,2736,7,장암행,2,3,06:48
761,고속터미널,329,3,오금행,2,3,고속터미널,2736,7,석남행,7,1,04:17
762,고속터미널,4123,9,중앙보훈병원행,5,2,고속터미널,2736,7,장암행,2,3,09:17
763,고속터미널,4123,9,중앙보훈병원행,1,2,고속터미널,2736,7,석남행,7,1,08:53
764,고속터미널,4123,9,개화행,5,1,고속터미널,2736,7,장암행,2,3,09:13
765,고속터미널,4123,9,개화행,5,1,고속터미널,2736,7,석남행,7,1,09:04
766,선정릉,1850,수인분당선,청량리행,6,4,선정릉,4127,9,중앙보훈병원행,2,1,02:26
767,선정릉,1850,수인분당선,신포행,2,4,선정릉,4127,9,중앙보훈병원행,2,1,02:39
768,선정릉,1850,수인분당선,청량리행,6,4,선정릉,4127,9,개화행,5,3,02:39
769,선정릉,1850,수인분당선,신포행,2,4,선정릉,4127,9,개화행,5,3,02:26
770,강남구청,1849,수인분당선,청량리행,3,1,강남구청,2732,7,석남행,5,1,03:34
771,강남구청,1849,수인분당선,청량리행,3,1,강남구청,2732,7,장암행,5,1,03:32
772,강남구청,1849,수인분당선,신포행,4,4,강남구청,2732,7,석남행,5,1,03:36
773,강남구청,1849,수인분당선,신포행,4,4,강남구청,2732,7,장암행,5,1,03:40
774,군자,2727,7,장암행,4,3,군자,2545,5,하남검단산행,1,1,02:34
775,군자,2727,7,석남행,4,4,군자,2545,5,하남검단산행,8,4,03:25
776,군자,2727,7,장암행,4,3,군자,2545,5,방화행,8,4,02:34
777,군자,2727,7,석남행,4,4,군자,2545,5,방화행,1,1,03:25
778,정자,1857,수인분당선,청량리행,1,4,정자,4312,신분당선,광교행,5,1,04:08
779,정자,1857,수인분당선,청량리행,1,2,정자,4312,신분당선,강남행,5,4,03:56
780,정자,1857,수인분당선,신포행,7,3,정자,4312,신분당선,광교행,2,1,02:35
781,정자,1857,수인분당선,신포행,7,3,정자,4312,신분당선,강남행,5,4,02:20
782,미금,1858,수인분당선,청량리행,4,1,미금,4313,신분당선,강남행,4,1,03:52
783,미금,1858,수인분당선,청량리행,3,1,미금,4313,신분당선,광교행,3,4,05:43
784,미금,1858,수인분당선,신포행,5,1,미금,4313,신분당선,강남행,4,1,05:21
785,미금,1858,수인분당선,신포행,4,1,미금,4313,신분당선,광교행,4,1,03:42
786,선릉,1023,수인분당선,청량리행,6,7,선릉,220,2,삼성행(내선),5,3,02:06
787,선릉,1023,수인분당선,신포행,1,1,선릉,220,2,삼성행(내선),5,3,02:08
788,선릉,1023,수인분당선,청량리행,5,1,선릉,220,2,역삼행(내선),6,2,02:10
789,선릉,1023,수인분당선,신포행,2,4,선릉,220,2,역삼행(내선),6,2,02:02
790,도곡,334,3,대화행,6,2,도곡,1025,수인분당선,청량리행,1,2,02:17
791,도곡,334,3,대화행,6,3,도곡,1025,수인분당선,신포행,6,2,01:53
792,도곡,334,3,오금행,5,4,도곡,1025,수인분당선,청량리행,6,4,01:52
793,도곡,334,3,오금행,5,4,도곡,1025,수인분당선,신포행,4,3,01:52
794,판교,4311,신분당선,광교행,3,2,판교,1501,경강선,여주행,2,2,02:01
795,판교,4311,신분당선,강남행,4,4,판교,1501,경강선,여주행,3,2,00:58
796,부평구청,2761,7,장암행,4,3,부평구청,3118,인천1,계양행,8,4,02:16
797,부평구청,2761,7,장암행,6,3,부평구청,3118,인천1,송도달빛축제공원행,1,1,01:58
798,부평구청,2761,7,석남행,7,1,부평구청,3118,인천1,계양행,8,4,02:17
799,부평구청,2761,7,석남행,2,2,부평구청,3118,인천1,송도달빛축제공원행,1,1,02:23
800,가산디지털단지,1702,1,소요산행,10,3,가산디지털단지,2748,7,석남행,5,1,03:44
801,가산디지털단지,1702,1,신창행,1,2,가산디지털단지,2748,7,장암행,4,3,05:23
802,가산디지털단지,1702,1,소요산행,10,3,가산디지털단지,2748,7,장암행,4,3,04:13
803,가산디지털단지,1702,1,신창행,1,2,가산디지털단지,2748,7,석남행,5,1,04:02
804,한대앞,1830,수인분당선,신포행,5,2,한대앞,1755,4,오이도행,5,2,00:00
805,한대앞,1830,수인분당선,청량리행,6,2,한대앞,1755,4,오이도행,5,2,00:57
806,한대앞,1830,수인분당선,신포행,5,2,한대앞,1755,4,당고개행,6,2,00:57
807,공덕,1262,경의선,문산행,1,1,공덕,2627,6,신내행,8,4,04:11
808,공덕,1262,경의선,지평행,8,4,공덕,2627,6,응암행,1,1,05:39
809,공덕,1262,경의선,지평행,8,4,공덕,2627,6,신내행,8,4,05:39
810,시청,201,2,을지로입구행(내선),10,4,시청,151,1,소요산행,10,4,02:03
811,시청,201,2,을지로입구행(내선),10,4,시청,151,1,인천행,1,1,04:00
812,시청,201,2,충정로행(외선),1,1,시청,151,1,소요산행,10,4,02:03
813,시청,201,2,충정로행(외선),1,1,시청,151,1,인천행,1,1,04:00
814,을지로3가,203,2,을지로4가행(내선),10,4,을지로3가,320,3,대화행,4,2,02:39
815,을지로3가,203,2,을지로4가행(내선),10,4,을지로3가,320,3,오금행,7,2,03:23
816,을지로3가,203,2,을지로입구행(외선),1,1,을지로3가,320,3,대화행,7,1,03:28
817,을지로3가,203,2,을지로입구행(외선),1,1,을지로3가,320,3,오금행,4,4,03:28
818,동묘앞,2637,6,신내행,2,3,동묘앞,2637,1,소요산행,9,1,03:36
819,동묘앞,2637,6,응암행,7,3,동묘앞,2637,1,소요산행,9,1,03:36
820,동묘앞,2637,6,신내행,2,3,동묘앞,2637,1,인천행,2,4,03:33
821,동묘앞,2637,6,응암행,7,3,동묘앞,2637,1,인천행,2,4,03:33
822,서울역,150,1,인천행,1,2,서울역,4201,공항철도,인천공항2터미널행,2,4,15:56
823,서울역,150,1,인천행,1,2,서울역,426,4,당고개행,1,1,03:40
824,서울역,150,1,인천행,7,3,서울역,1251,경의선,문산행,4,4,05:26
825,서울역,150,1,소요산행,10,4,서울역,4201,공항철도,인천공항2터미널행,2,4,15:56
826,서울역,150,1,소요산행,10,4,서울역,426,4,당고개행,1,1,03:40
827,서울역,150,1,소요산행,4,3,서울역,1251,경의선,문산행,4,4,05:26
828,서울역,426,4,당고개행,1,1,서울역,1251,경의선,문산행,4,4,10:32
829,서울역,426,4,당고개행,3,3,서울역,4201,공항철도,인천공항2터미널행,2,4,15:21
830,서울역,426,4,오이도행,10,4,서울역,1251,경의선,문산행,4,4,10:32
831,서울역,426,4,오이도행,8,1,서울역,4201,공항철도,인천공항2터미널행,2,4,15:21
832,서울역,4201,공항철도,서울역행(공항철도),2,3,서울역,1251,경의선,문산행,4,4,01:28
833,동대문,421,4,당고개행,3,4,동대문,155,1,소요산행,9,3,05:25
834,동대문,421,4,당고개행,4,1,동대문,155,1,인천행,1,3,05:09
835,동대문,421,4,오이도행,3,3,동대문,155,1,소요산행,9,3,05:28
836,동대문,421,4,오이도행,3,3,동대문,155,1,인천행,1,3,04:13
837,보문,2639,6,신내행,5,4,보문,4712,우이신설선,북한산우이행,2,2,03:28
838,보문,2639,6,신내행,5,4,보문,4712,우이신설선,신설동행,1,1,03:30
839,보문,2639,6,응암행,5,4,보문,4712,우이신설선,북한산우이행,2,2,03:28
840,보문,2639,6,응암행,5,4,보문,4712,우이신설선,신설동행,1,1,03:30
841,성신여대입구,418,4,당고개행,5,4,성신여대입구,4711,우이신설선,북한산우이행,1,2,02:19
842,성신여대입구,418,4,당고개행,5,4,성신여대입구,4711,우이신설선,신설동행,2,1,02:21
843,성신여대입구,418,4,오이도행,5,2,성신여대입구,4711,우이신설선,북한산우이행,1,2,05:15
844,성신여대입구,418,4,오이도행,5,2,성신여대입구,4711,우이신설선,신설동행,2,1,02:17
845,종합운동장,218,2,잠실새내행(내선),2,1,종합운동장,4130,9,중앙보훈병원행,5,4,07:01
846,종합운동장,218,2,삼성행(외선),9,3,종합운동장,4130,9,중앙보훈병원행,5,4,06:52
847,종합운동장,218,2,잠실새내행(내선),2,1,종합운동장,4130,9,개화행,1,4,07:06
848,종합운동장,218,2,삼성행(외선),9,3,종합운동장,4130,9,개화행,1,4,06:58
849,잠실,2815,8,암사행,6,4,잠실,216,2,잠실새내행(내선),10,3,04:01
850,잠실,2815,8,모란행,1,1,잠실,216,2,잠실새내행(내선),10,3,03:58
851,잠실,2815,8,암사행,6,4,잠실,216,2,잠실나루행(외선),1,1,04:01
852,잠실,2815,8,모란행,1,1,잠실,216,2,잠실나루행(외선),1,1,04:11
853,석촌,2816,8,암사행,6,4,석촌,4133,9,중앙보훈병원행,1,1,02:16
854,석촌,2816,8,모란행,1,1,석촌,4133,9,중앙보훈병원행,4,2,02:16
855,석촌,2816,8,암사행,6,4,석촌,4133,9,개화행 ,6,4,02:20
856,석촌,2816,8,모란행,1,1,석촌,4133,9,개화행 ,3,3,02:10
857,오금,2558,5,방화행,8,1,오금,342,3,대화행,2,2,01:53
858,오금,2558,5,마천행,1,4,오금,342,3,대화행,2,2,02:10
859,올림픽공원,4136,9,중앙보훈병원행,5,3,올림픽공원,2556,5,마천행,4,4,00:59
860,올림픽공원,4136,9,중앙보훈병원행,5,3,올림픽공원,2556,5,방화행,6,1,03:52
861,올림픽공원,4136,9,개화행,1,1,올림픽공원,2556,5,마천행,3,4,03:38
862,올림픽공원,4136,9,개화행,4,2,올림픽공원,2556,5,방화행,6,1,04:15
863,강동,2549,5,방화행,1,1,강동,2549,5,마천행,8,4,01:40
864,천호,2812,8,암사행,2,2,천호,2548,5,하남검단산행,8,1,00:39
865,천호,2812,8,모란행,5,2,천호,2548,5,하남검단산행,8,2,00:39
866,천호,2812,8,암사행,1,4,천호,2548,5,방화행,1,3,00:43
867,천호,2812,8,모란행,6,1,천호,2548,5,방화행,1,2,00:43
868,강남,222,2,역삼행(외선),5,2,강남,4307,신분당선,광교행,6,4,05:05
869,강남,222,2,교대행(내선),6,3,강남,4307,신분당선,광교행,6,4,05:52
870,사당,433,4,오이도행,1,1,사당,226,2,방배행(내선),5,3,01:51
871,사당,433,4,오이도행,7,3,사당,226,2,낙성대행(외선),6,3,03:22
872,사당,433,4,당고개행,10,4,사당,226,2,방배행(내선),5,3,01:55
873,사당,433,4,당고개행,4,2,사당,226,2,낙성대행(외선),6,3,03:24
874,총신대입구,432,4,오이도행,1,1,이수,2738,7,석남행,8,4,03:48
875,총신대입구,432,4,오이도행,1,1,이수,2738,7,장암행,2,2,05:24
876,회기,101C,경의선,문산행,6,3,회기,1307,경춘선,춘천행,3,3,00:07
877,회기,101C,경의선,문산행, ,,회기,1307,경춘선,청량리행, ,,00:00
878,회기,101C,경의선,문산행,6,2,회기,1015,1,소요산행,4,2,02:03
879,회기,101C,경의선,문산행,6,2,회기,1015,1,인천행,7,2,02:03
880,회기,1307,경춘선,춘천행,6,2,회기,1015,1,소요산행,4,2,02:09
881,회기,1307,경춘선,춘천행,6,2,회기,1015,1,인천행,7,2,02:09
882,회기,1307,경춘선,청량리행,3,3,회기,1015,1,소요산행,4,2,02:09
883,회기,1307,경춘선,청량리행,3,3,회기,1015,1,인천행,7,2,02:09
884,중랑,1308,경춘선,춘천행,8,2,중랑,1201,경의선,지평행,8,2,00:00
885,중랑,1308,경춘선,청량리행,1,2,중랑,1201,경의선,문산행,1,2,00:00
886,중랑,1308,경춘선,춘천행,8,2,중랑,1201,경의선,지평행,8,2,00:00
887,중랑,1308,경춘선,청량리행,1,2,중랑,1201,경의선,문산행,1,2,00:00
888,망우,1310,경춘선,춘천행,6,2,망우,1203,경의선,지평행,7,4,05:16
889,망우,1310,경춘선,청량리행,3,3,망우,1203,경의선,지평행,7,4,05:07
890,망우,1310,경춘선,춘천행,3,3,망우,1203,경의선,문산행,5,2,03:44
891,망우,1310,경춘선,청량리행,6,1,망우,1203,경의선,문산행,5,2,03:44
892,김포공항,2513,5,방화행,7,3,김포공항,4207,공항철도,인천공항2터미널행,4,1,05:28
893,김포공항,2513,5,방화행,7,3,김포공항,4207,공항철도,서울역행,4,1,03:59
894,김포공항,2513,5,하남검단산행,1,4,김포공항,4207,공항철도,인천공항2터미널행,4,1,05:35
895,김포공항,2513,5,하남검단산행,1,4,김포공항,4207,공항철도,서울역행,6,4,03:56
896,김포공항,2513,5,방화행,7,3,김포공항,4102,9,개화행,2,4,05:28
897,김포공항,2513,5,방화행,7,3,김포공항,4102,9,중앙보훈병원행,5,1,03:33
898,김포공항,2513,5,하남검단산행,1,4,김포공항,4102,9,개화행,2,4,05:35
899,김포공항,2513,5,하남검단산행,1,4,김포공항,4102,9,중앙보훈병원행,6,4,03:56
900,김포공항,2513,5,방화행,7,3,김포공항,4929,김포도시철도,양촌행,1,1,05:08
901,김포공항,2513,5,하남검단산행,1,4,김포공항,4929,김포도시철도,양촌행,1,1,08:45
902,김포공항,4102,9,개화행, 모든문,,김포공항,4207,공항철도,인천공항2터미널행, 모든문,,00:05
903,김포공항,4102,9,개화행,2,4,김포공항,4207,공항철도,서울역행,5,2,00:49
904,김포공항,4102,9,중앙보훈병원행,6,2,김포공항,4207,공항철도,인천공항2터미널행,4,1,00:51
905,김포공항,4102,9,중앙보훈병원행, 모든문,,김포공항,4207,공항철도,서울역행, 모든문,,00:05
906,김포공항,4102,9,개화행,2,4,김포공항,4929,김포도시철도,양촌행,1,1,07:31
907,김포공항,4102,9,중앙보훈병원행,5,1,김포공항,4929,김포도시철도,양촌행,1,1,05:35
908,김포공항,4207,공항철도,인천공항2터미널행,3,4,김포공항,4929,김포도시철도,양촌행,1,1,07:31
909,김포공항,4207,공항철도,서울역행,4,1,김포공항,4929,김포도시철도,양촌행,1,1,06:42
910,태릉입구,2719,7,장암행,8,3,태릉입구,2646,6,신내행,1,1,02:19
911,태릉입구,2719,7,장암행,8,3,태릉입구,2646,6,응암행,8,4,01:58
912,태릉입구,2719,7,석남행,1,1,태릉입구,2646,6,신내행,1,1,02:09
913,태릉입구,2719,7,석남행,1,1,태릉입구,2646,6,응암행,8,4,01:59
914,도봉산,1903,1,소요산행,7,2,도봉산,2712,7,장암행,7,2,05:53
915,도봉산,1903,1,소요산행,7,2,도봉산,2712,7,석남행,4,1,03:43
916,도봉산,1903,1,인천행,4,3,도봉산,2712,7,장암행,7,2,05:54
917,도봉산,1903,1,인천행,4,3,도봉산,2712,7,석남행,4,1,03:37
918,창동,1022,1,소요산행,4,4,창동,412,4,당고개행,7,3,02:10
919,창동,1022,1,소요산행,4,4,창동,412,4,오이도행,4,2,02:15
920,창동,1022,1,인천행,7,2,창동,412,4,당고개행,3,4,02:11
921,창동,1022,1,인천행,7,2,창동,412,4,오이도행,8,1,02:34
922,석계,1018,1,소요산행,10,4,석계,2645,6,신내행,5,2,05:18
923,석계,1018,1,소요산행,10,4,석계,2645,6,응암행,4,3,05:19
924,석계,1018,1,인천행,1,1,석계,2645,6,신내행,5,2,05:17
925,석계,1018,1,인천행,1,1,석계,2645,6,응암행,4,2,05:25
926,공덕,2530,5,방화행,1,1,공덕,2627,6,응암행,1,1,03:27
927,공덕,2530,5,방화행,1,1,공덕,2627,6,신내행,8,4,02:25
928,공덕,2530,5,방화행,1,1,공덕,1262,경의선,문산행,1,1,06:46
929,공덕,2530,5,방화행,1,1,공덕,1262,경의선,지평행,8,4,06:47
930,공덕,2530,5,방화행,1,1,공덕,4202,공항철도,인천공항2터미널행,1,4,08:34
931,공덕,2530,5,방화행,1,1,공덕,4202,공항철도,서울역행,6,1,07:38
932,공덕,2530,5,하남검단산행,8,4,공덕,2627,6,응암행,1,1,03:27
933,공덕,2530,5,하남검단산행,8,4,공덕,2627,6,신내행,8,4,02:25
934,공덕,2530,5,하남검단산행,8,4,공덕,1262,경의선,문산행,1,1,06:46
935,공덕,2530,5,하남검단산행,8,4,공덕,1262,경의선,지평행,8,4,06:47
936,공덕,2530,5,하남검단산행,8,4,공덕,4202,공항철도,인천공항2터미널행,1,4,08:34
937,공덕,2530,5,하남검단산행,8,4,공덕,4202,공항철도,서울역행,6,1,07:38
938,공덕,4202,공항철도,서울역행,6,1,공덕,2627,6,응암행,1,1,05:44
939,공덕,4202,공항철도,서울역행,6,1,공덕,2627,6,신내행,8,4,04:09
940,공덕,4202,공항철도,서울역행,6,1,공덕,1262,경의선,문산행,1,1,05:33
941,공덕,4202,공항철도,서울역행,6,1,공덕,1262,경의선,지평행,8,4,07:01
942,공덕,4202,공항철도,인천공항2터미널행,1,4,공덕,2627,6,응암행,1,1,07:16
943,공덕,4202,공항철도,인천공항2터미널행,1,4,공덕,2627,6,신내행,8,4,05:04
944,공덕,4202,공항철도,인천공항2터미널행,1,4,공덕,1262,경의선,문산행,1,1,05:48
945,공덕,4202,공항철도,인천공항2터미널행,1,4,공덕,1262,경의선,지평행,8,4,05:49
946,공덕,1262,경의선,문산행,1,1,공덕,2627,6,응암행,1,1,07:03
947,종로3가,153,1,소요산행,6,4,종로3가,2535,5,방화행,8,4,07:06
948,종로3가,153,1,소요산행,6,1,종로3가,2535,5,하남검단산행,1,1,07:38
949,종로3가,153,1,소요산행,4,2,종로3가,319,3,대화행,2,2,05:19
950,종로3가,153,1,소요산행,6,4,종로3가,319,3,오금행,2,3,02:27
951,종로3가,153,1,인천행,7,3,종로3가,2535,5,방화행,8,4,08:24
952,종로3가,153,1,인천행,7,3,종로3가,2535,5,하남검단산행,1,1,09:14
953,종로3가,153,1,인천행,6,2,종로3가,319,3,대화행,10,4,03:27
954,종로3가,153,1,인천행,6,2,종로3가,319,3,오금행,1,1,02:34
955,종로3가,2535,5,방화행,8,4,종로3가,319,3,대화행,2,2,03:23
956,종로3가,2535,5,방화행,1,1,종로3가,319,3,오금행,7,2,03:43
957,종로3가,2535,5,하남검단산행,1,1,종로3가,319,3,대화행,9,2,05:39
958,종로3가,2535,5,하남검단산행,1,1,종로3가,319,3,오금행,7,2,03:46
959,신도림,1007,1,소요산행,5,2,신도림,234,2,문래행(내선),4,3,02:36
960,신도림,1007,1,소요산행,5,1,신도림,234,2,대림행(외선),7,2,02:20
961,신도림,1007,1,소요산행,5,1,신도림,234,2,까치산행,1,1,02:17
962,신도림,1007,1,인천행,7,3,신도림,234,2,문래행(내선),4,3,03:30
963,신도림,1007,1,인천행,6,2,신도림,234,2,대림행(외선),9,3,01:57
964,신도림,1007,1,인천행,6,2,신도림,234,2,까치산행,4,1,01:43
965,신도림,234,2,문래행(내선),4,3,신도림,234,2,까치산행,4,1,01:51
966,신도림,234,2,대림행(외선),7,2,신도림,234,2,까치산행,4,1,01:51
967,동대문역사문화공원,422,4,당고개행,1,2,동대문역사문화공원,2537,5,방화행,8,4,07:35
968,동대문역사문화공원,422,4,당고개행,9,2,동대문역사문화공원,2537,5,하남검단산행,1,1,04:00
969,동대문역사문화공원,422,4,당고개행,1,2,동대문역사문화공원,205,2,신당행(내선),9,1,00:43
970,동대문역사문화공원,422,4,당고개행,1,2,동대문역사문화공원,205,2,을지로4가행(외선),2,3,01:56
971,동대문역사문화공원,422,4,오이도행,2,3,동대문역사문화공원,2537,5,방화행,8,4,03:54
972,동대문역사문화공원,422,4,오이도행,2,3,동대문역사문화공원,2537,5,하남검단산행,1,2,03:50
973,동대문역사문화공원,422,4,오이도행,8,3,동대문역사문화공원,205,2,신당행(내선),8,2,03:23
974,동대문역사문화공원,422,4,오이도행,8,3,동대문역사문화공원,205,2,을지로4가행(외선),3,3,03:23
975,동대문역사문화공원,2537,5,방화행,8,4,동대문역사문화공원,205,2,신당행(내선),8,2,07:00
976,동대문역사문화공원,2537,5,방화행,8,4,동대문역사문화공원,205,2,을지로4가행(외선),3,3,07:00
977,동대문역사문화공원,2537,5,하남검단산행,1,2,동대문역사문화공원,205,2,신당행(내선),8,2,07:00
978,동대문역사문화공원,2537,5,하남검단산행,1,2,동대문역사문화공원,205,2,을지로4가행(외선),3,3,07:00
979,신설동,156,1,소요산행,9,4,신설동,4713,우이신설선,북한산우이행,1,2,03:27
980,신설동,156,1,소요산행,9,3,신설동,246,2,성수행,4,2,06:45
981,신설동,156,1,인천행,2,1,신설동,4713,우이신설선,북한산우이행,1,2,04:12
982,신설동,156,1,인천행,9,4,신설동,246,2,성수행,4,4,05:00
983,신설동,246,2,신설동행(2호선),4,4,신설동,4713,우이신설선,북한산우이행,1,1,06:41
984,상봉,2722,7,장암행,3,4,상봉,1309,경춘선,춘천행,4,4,07:00
985,상봉,2722,7,장암행,3,4,상봉,1309,경춘선,청량리행,4,2,10:15
986,상봉,2722,7,장암행,3,4,상봉,1202,경의선,지평행,2,4,06:53
987,상봉,2722,7,장암행,3,4,상봉,1202,경의선,문산행,4,2,10:15
988,상봉,2722,7,장암행,3,4,상봉,1309,경춘선,광운대행, ,,00:00
989,상봉,2722,7,석남행,6,2,상봉,1309,경춘선,춘천행,4,4,07:06
990,상봉,2722,7,석남행,6,2,상봉,1309,경춘선,청량리행,4,2,10:01
991,상봉,2722,7,석남행,6,2,상봉,1202,경의선,지평행,2,4,06:56
992,상봉,2722,7,석남행,6,2,상봉,1202,경의선,문산행,4,2,10:01
993,상봉,2722,7,석남행,6,1,상봉,1309,경춘선,광운대행, ,,00:00
994,상봉,1309,경춘선,춘천행,4,4,상봉,1309,경춘선,광운대행, ,,00:00
995,상봉,1309,경춘선,춘천행,4,4,상봉,1202,경의선,문산행,4,2,03:35
996,상봉,1309,경춘선,춘천행,4,4,상봉,1202,경의선,지평행,6,2,03:35
997,상봉,1309,경춘선,청량리행,5,1,상봉,1309,경춘선,광운대행, ,,00:00
998,상봉,1309,경춘선,청량리행,5,1,상봉,1202,경의선,문산행,4,2,03:35
999,상봉,1309,경춘선,청량리행,5,1,상봉,1202,경의선,지평행,6,2,03:35
1000,상봉,1202,경의선,문산행,4,2,상봉,1309,경춘선,광운대행, ,,00:00
1001,상봉,1202,경의선,지평행,6,2,상봉,1309,경춘선,광운대행, ,,00:00
1002,회룡,1905,1,소요산행,5,3,회룡,4602,의정부경전철,발곡행, ,,04:03
1003,회룡,1905,1,소요산행,5,3,회룡,4602,의정부경전철,탑석행, ,,06:55
1004,회룡,1905,1,인천행,8,3,회룡,4602,의정부경전철,발곡행, ,,03:25
1005,회룡,1905,1,인천행,8,3,회룡,4602,의정부경전철,탑석행, ,,05:20
1006,노원,411,4,당고개행,10,4,노원,2715,7,장암행,1,1,09:01
1007,노원,411,4,당고개행,10,4,노원,2715,7,석남행,8,4,09:19
1008,노원,411,4,오이도행,1,1,노원,2715,7,장암행,1,1,08:20
1009,노원,411,4,오이도행,1,1,노원,2715,7,석남행,8,4,08:20
1010,광운대,1019,1,인천행,1,2,광운대,1305,경춘선,상봉행,6,1,01:53
1011,광운대,1019,1,소요산행,6,1,광운대,1305,경춘선,상봉행,1,1,01:57
1012,회기,101C,경의선,지평행, ,,회기,1307,경춘선,춘천행, ,,00:00
1013,회기,101C,경의선,지평행,3,3,회기,1307,경춘선,청량리행,6,2,00:06
1014,회기,101C,경의선,지평행,3,3,회기,1015,1,소요산행,7,3,02:21
1015,회기,101C,경의선,지평행,3,3,회기,1015,1,인천행,4,3,02:15
1016,청량리,158,1,인천행(1호선),10,4,청량리,1845,수인분당선,인천행(수인분당선),8,4,05:40
1017,청량리,158,1,인천행(1호선),10,4,청량리,1014,경의선,문산행,5,3,09:10
1018,청량리,158,1,인천행(1호선),10,4,청량리,1014,경의선,지평행,8,4,05:56
1019,청량리,158,1,인천행(1호선),10,4,청량리,1306,경춘선,춘천행,8,4,05:56
1020,청량리,158,1,소요산행,1,1,청량리,1845,수인분당선,인천행(수인분당선),8,4,05:40
1021,청량리,158,1,소요산행,1,1,청량리,1014,경의선,문산행,5,3,09:10
1022,청량리,158,1,소요산행,1,1,청량리,1014,경의선,지평행,5,3,05:56
1023,청량리,158,1,소요산행,1,1,청량리,1306,경춘선,춘천행,8,4,05:56
1024,청량리,1014,경의선,문산행,5,3,청량리,1306,경춘선,춘천행,5,2,03:43
1025,청량리,1014,경의선,문산행,5,3,청량리,1845,수인분당선,인천행(수인분당선),4,3,03:43
1026,청량리,1014,경의선,지평행,4,3,청량리,1306,경춘선,춘천행,5,2,02:25
1027,청량리,1014,경의선,지평행,4,3,청량리,1845,수인분당선,인천행(수인분당선),4,3,02:25
1028,청량리,1845,수인분당선,청량리행(수인분당선), 모든 문,,청량리,1306,경춘선,춘천행, 모든 문,,00:05
1029,왕십리,208,2,한양대행(내선),2,4,왕십리,102C,수인분당선,청량리행,4,4,05:02
1030,왕십리,208,2,한양대행(내선),2,4,왕십리,102C,수인분당선,인천행,4,4,05:02
1031,왕십리,208,2,한양대행(내선),2,3,왕십리,1013,경의선,문산행,2,4,02:13
1032,왕십리,208,2,한양대행(내선),2,3,왕십리,1013,경의선,지평행,7,1,02:13
1033,왕십리,208,2,한양대행(내선),6,1,왕십리,2541,5,방화행,4,2,05:01
1034,왕십리,208,2,한양대행(내선),6,1,왕십리,2541,5,하남검단산행,5,2,03:55
1035,왕십리,208,2,상왕십리행(외선),6,4,왕십리,102C,수인분당선,청량리행,4,4,03:49
1036,왕십리,208,2,상왕십리행(외선),6,4,왕십리,102C,수인분당선,인천행,4,4,03:49
1037,왕십리,208,2,상왕십리행(외선),7,1,왕십리,1013,경의선,문산행,2,4,03:34
1038,왕십리,208,2,상왕십리행(외선),7,1,왕십리,1013,경의선,지평행,7,1,03:34
1039,왕십리,208,2,상왕십리행(외선),5,4,왕십리,2541,5,방화행,4,2,05:03
1040,왕십리,208,2,상왕십리행(외선),5,4,왕십리,2541,5,하남검단산행,5,2,03:57
1041,왕십리,102C,수인분당선,청량리행,4,4,왕십리,1013,경의선,문산행,8,2,02:38
1042,왕십리,102C,수인분당선,청량리행,4,4,왕십리,1013,경의선,지평행,1,3,02:38
1043,왕십리,102C,수인분당선,청량리행,4,4,왕십리,2541,5,방화행,4,2,08:24
1044,왕십리,102C,수인분당선,청량리행,4,4,왕십리,2541,5,하남검단산행,5,2,07:18
1045,왕십리,102C,수인분당선,인천행,4,4,왕십리,1013,경의선,문산행,8,2,02:38
1046,왕십리,102C,수인분당선,인천행,4,4,왕십리,1013,경의선,지평행,1,3,02:38
1047,왕십리,102C,수인분당선,인천행,4,4,왕십리,2541,5,방화행,4,2,08:24
1048,왕십리,102C,수인분당선,인천행,4,4,왕십리,2541,5,하남검단산행,5,2,07:18
1049,왕십리,1013,경의선,문산행,8,2,왕십리,2541,5,방화행,4,2,08:29
1050,왕십리,1013,경의선,문산행,8,2,왕십리,2541,5,하남검단산행,5,2,07:23
1051,왕십리,1013,경의선,지평행,1,3,왕십리,2541,5,방화행,4,2,08:29
1052,왕십리,1013,경의선,지평행,1,3,왕십리,2541,5,하남검단산행,5,2,07:23
1053,디지털미디어시티,4204,공항철도,서울역행,2,3,디지털미디어시티,1266,경의선,문산행,8,4,10:06
1054,디지털미디어시티,4204,공항철도,서울역행,2,3,디지털미디어시티,1266,경의선,지평행,1,1,15:29
1055,디지털미디어시티,4204,공항철도,서울역행,2,3,디지털미디어시티,2619,6,응암행,8,4,07:20
1056,디지털미디어시티,4204,공항철도,서울역행,2,4,디지털미디어시티,2619,6,신내행,1,1,07:19
1057,디지털미디어시티,4204,공항철도,인천공항2터미널행,3,1,디지털미디어시티,1266,경의선,문산행,8,4,11:47
1058,디지털미디어시티,4204,공항철도,인천공항2터미널행,5,1,디지털미디어시티,1266,경의선,지평행,1,1,16:52
1059,디지털미디어시티,4204,공항철도,인천공항2터미널행,2,3,디지털미디어시티,2619,6,응암행,8,4,11:50
1060,디지털미디어시티,4204,공항철도,인천공항2터미널행,6,4,디지털미디어시티,2619,6,신내행,1,1,06:44
1061,디지털미디어시티,1266,경의선,문산행,8,4,디지털미디어시티,2619,6,응암행,2,2,03:20
1062,디지털미디어시티,1266,경의선,문산행,8,4,디지털미디어시티,2619,6,신내행,7,2,02:25
1063,디지털미디어시티,1266,경의선,지평행,1,1,디지털미디어시티,2619,6,응암행,2,2,03:46
1064,디지털미디어시티,1266,경의선,지평행,1,1,디지털미디어시티,2619,6,신내행,7,2,02:13
1065,홍대입구,239,2,신촌행(내선),3,2,홍대입구,4203,공항철도,서울역행,5,3,08:28
1066,홍대입구,239,2,신촌행(내선),3,2,홍대입구,4203,공항철도,인천공항2터미널행,2,1,08:31
1067,홍대입구,239,2,신촌행(내선),3,2,홍대입구,1264,경의선,문산행,1,1,07:00
1068,홍대입구,239,2,신촌행(내선),3,2,홍대입구,1264,경의선,지평행,8,4,06:48
1069,홍대입구,239,2,합정행(외선),6,3,홍대입구,4203,공항철도,서울역행,1,1,11:46
1070,홍대입구,239,2,합정행(외선),8,2,홍대입구,4203,공항철도,인천공항2터미널행,2,2,10:57
1071,홍대입구,239,2,합정행(외선),8,2,홍대입구,1264,경의선,문산행,1,1,09:17
1072,홍대입구,239,2,합정행(외선),8,2,홍대입구,1264,경의선,지평행,8,4,06:45
1073,홍대입구,4203,공항철도,서울역행,5,3,홍대입구,1264,경의선,문산행,1,1,04:10
1074,홍대입구,4203,공항철도,서울역행,1,1,홍대입구,1264,경의선,지평행,8,4,05:42
1075,홍대입구,4203,공항철도,인천공항2터미널행,2,2,홍대입구,1264,경의선,문산행,1,1,04:19
1076,홍대입구,4203,공항철도,인천공항2터미널행,2,2,홍대입구,1264,경의선,지평행,8,4,05:07
